-1.067623978,0.104245484
-1.093470298,0.185805524
-1.09602863,0.226874798
-1.09033206,0.269779442
-1.073783211,0.315338458
-1.048426377,0.356118441
-0.993422191,-0.008130942
-1.02109962,0.027555647
-1.024660443,0.103895293
-1.037299552,0.142510054
-1.050817991,0.184889217
-1.053089546,0.23218209
-1.029461469,0.312183954
-1.005696187,0.350491926
-1.014771638,0.393765999
-0.963756376,-0.043143911
-0.949401624,-5.78E-05
-1.000069352,0.071224088
-0.942062156,0.11447225
-1.0042636,0.16810343
-0.965618182,0.196381046
-1.013842378,0.212001549
-0.961624563,0.272925174
-0.940280694,0.311983328
-0.969255344,0.383249284
-0.977402847,0.425873226
-0.930098517,-0.08171529
-0.889209615,-0.039214213
-0.907060054,0.002711824
-0.959753166,0.07862545
-0.89602689,0.115117335
-0.962396874,0.15595907
-0.917741223,0.193330676
-0.937266982,0.232970128
-0.91611771,0.27282637
-0.899786282,0.314346074
-0.88909163,0.391650975
-0.932055429,0.407316666
-0.939337096,0.453196256
-0.842275624,-0.601648106
-0.864797696,-0.517577432
-0.866234614,-0.470876905
-0.863101703,-0.425909639
-0.851917548,-0.34491821
-0.846122116,-0.297832575
-0.852056441,-0.207099837
-0.896966972,-0.122248531
-0.85153432,-0.092983082
-0.851830553,-0.047087974
-0.846203543,0.032778342
-0.887955464,0.039547493
-0.853924653,0.115661892
-0.882521826,0.157019155
-0.870741153,0.197461622
-0.893832137,0.234437973
-0.85412392,0.31707795
-0.846159339,0.366440183
-0.894328222,0.434217114
-0.856428314,0.456521567
-0.86327458,0.50175933
-0.819672978,-0.637255967
-0.756362969,-0.598727943
-0.820418098,-0.538777014
-0.826937201,-0.492078669
-0.825243199,-0.442959036
-0.819843499,-0.394326981
-0.79495395,-0.359004444
-0.808158345,-0.277734616
-0.844956286,-0.251927897
-0.808221816,-0.23119072
-0.811327263,-0.11729394
-0.786177598,-0.082479002
-0.821794704,-0.013651294
-0.808256298,0.030138692
-0.824760327,0.073125147
-0.813887812,0.118583982
-0.842176966,0.157537814
-0.82658653,0.197254888
-0.850616682,0.238895262
-0.823906661,0.279612033
-0.815717512,0.326499996
-0.806449892,0.367851383
-0.811883151,0.444149385
-0.820882632,0.485345737
-0.825418549,0.527357477
-0.785761633,-0.669825961
-0.745626487,-0.64667305
-0.730315536,-0.5693654
-0.739099624,-0.527489008
-0.755746583,-0.444824359
-0.730938121,-0.413188242
-0.760895004,-0.384407956
-0.747620262,-0.3443459
-0.737741339,-0.297206686
-0.77072358,-0.264244453
-0.750966594,-0.180002334
-0.78217517,-0.149305947
-0.762199282,-0.110343467
-0.74968633,-0.061852167
-0.74157997,-0.017852505
-0.771620506,0.049796369
-0.741694408,0.084225964
-0.800478851,0.159653509
-0.781360053,0.202741292
-0.77971318,0.255088481
-0.782318824,0.299195396
-0.771782059,0.341697649
-0.764864922,0.385775068
-0.764050381,0.428536456
-0.777628649,0.471205495
-0.790647686,0.555643299
-0.759778393,0.589640984
-0.746572297,-0.692861251
-0.7047579,-0.667053538
-0.692146291,-0.581820746
-0.694310666,-0.538488246
-0.700819294,-0.498586395
-0.714079303,-0.456549108
-0.711750721,-0.376349265
-0.706633802,-0.328796732
-0.694886411,-0.28526124
-0.727958648,-0.253825748
-0.706498249,-0.168428184
-0.735165673,-0.138644465
-0.722208666,-0.09230161
-0.709628311,-0.045847119
-0.701934239,0.000646383
-0.710511397,0.052664061
-0.701775323,0.095523417
-0.726889074,0.133054329
-0.703590334,0.211335427
-0.747581129,0.2274252
-0.74469594,0.277580861
-0.729825474,0.359959471
-0.724051366,0.404218343
-0.706110721,0.440551486
-0.697412837,0.486445776
-0.750873034,0.54506272
-0.72469597,0.581697953
-0.734837976,0.630518719
-0.715939083,0.677747615
-0.70369584,0.719741391
-0.664170356,-0.715989771
-0.652331817,-0.677325747
-0.660265966,-0.605281122
-0.654228334,-0.558735806
-0.654116519,-0.513853707
-0.671633653,-0.466300336
-0.68734803,-0.422602885
-0.665461937,-0.391838507
-0.63142617,-0.34869678
-0.651967341,-0.270993655
-0.685538473,-0.241510903
-0.674576137,-0.197550154
-0.665351791,-0.15431746
-0.653410897,-0.108999546
-0.670524641,-0.031570173
-0.650311098,0.003501227
-0.676600537,0.030368765
-0.654214901,0.104330306
-0.682151378,0.1317296
-0.66134939,0.204801105
-0.677304123,0.245520266
-0.698566389,0.290888912
-0.649683613,0.349809316
-0.675707169,0.411655075
-0.665051322,0.453455426
-0.650105032,0.490423398
-0.673983921,0.523520189
-0.655869849,0.605311352
-0.692889926,0.65095314
-0.668092056,0.690321805
-0.660785164,0.732051655
-0.692642982,0.764017249
-0.681864678,0.807562173
-0.652815668,0.901254403
-0.633500737,0.945079538
-0.621689716,-0.720039726
-0.60667292,-0.682508835
-0.627072012,-0.636940935
-0.620251532,-0.589281805
-0.614391193,-0.543605689
-0.633422633,-0.477336212
-0.639225725,-0.433101933
-0.626320403,-0.390615213
-0.592496574,-0.337035223
-0.617833841,-0.301643647
-0.612345029,-0.254387768
-0.602083229,-0.211556751
-0.625466952,-0.140785371
-0.613626589,-0.094390305
-0.641620503,-0.063602037
-0.622830206,-0.026493305
-0.63227591,0.044969705
-0.618869819,0.084291841
-0.631196452,0.134227506
-0.619755401,0.17801043
-0.611482931,0.279857793
-0.655943421,0.312237825
-0.602320693,0.354635221
-0.641867426,0.384135686
-0.581905804,0.426839863
-0.608236045,0.497625328
-0.631497916,0.5329824
-0.617957996,0.582199391
-0.617458054,0.627541414
-0.626747453,0.67321657
-0.604607817,0.751839342
-0.649431694,0.771035294
-0.643887491,0.820414903
-0.609936294,0.906311531
-0.589271465,0.944903146
-0.609513792,0.986196716
-0.575613282,-0.720720486
-0.545146058,-0.642843636
-0.583960604,-0.611787862
-0.540651215,-0.599760596
-0.566825868,-0.530049712
-0.596204404,-0.460016791
-0.551695938,-0.400966731
-0.587639945,-0.376046759
-0.548444131,-0.35508597
-0.567540465,-0.309869536
-0.579971774,-0.276997849
-0.561734392,-0.199087614
-0.586710212,-0.166812904
-0.550126517,-0.132463489
-0.566755893,-0.091328847
-0.57892101,-0.018003568
-0.564774803,0.025422905
-0.537349392,0.065316744
-0.553672571,0.130469445
-0.55252031,0.16983889
-0.563415383,0.27565764
-0.577772649,0.310837329
-0.5605186,0.345972958
-0.561912815,0.383988558
-0.543634913,0.44369526
-0.577268002,0.469221589
-0.565083526,0.509830683
-0.54014461,0.590883409
-0.583011514,0.653578409
-0.590113915,0.690935179
-0.556852888,0.758123827
-0.577714192,0.79234886
-0.558596404,0.833252284
-0.565591623,0.906501015
-0.544491086,0.940623538
-0.56845777,0.982412234
-0.578492863,1.024901054
-0.526352076,-0.718803144
-0.511007123,-0.678643538
-0.506798812,-0.633382663
-0.496717258,-0.587408265
-0.522548068,-0.516579068
-0.517450782,-0.473116177
-0.513740117,-0.428878111
-0.511828834,-0.385368888
-0.505112464,-0.343467596
-0.532657899,-0.312364998
-0.535594332,-0.267710311
-0.500028067,-0.180415457
-0.509177635,-0.135879485
-0.523782024,-0.093783419
-0.512135289,-0.046637143
-0.497600795,-0.004060532
-0.495407855,0.044924997
-0.523835015,0.108352258
-0.51365594,0.155710064
-0.490024108,0.200009303
-0.483570905,0.283145561
-0.534092277,0.313711433
-0.520752279,0.360019254
-0.497452627,0.396350463
-0.502594032,0.443124737
-0.49350754,0.48636444
-0.521536259,0.520718045
-0.474254321,0.584097865
-0.544037711,0.636331292
-0.545715051,0.681548119
-0.483768912,0.73831584
-0.511890638,0.762259119
-0.539765038,0.871700044
-0.496053566,0.869989766
-0.475181461,0.907912413
-0.494027076,0.947773967
-0.497368352,0.994416211
-0.540753383,1.057382247
-0.428870081,-0.715260984
-0.434630787,-0.67321543
-0.471750974,-0.666466498
-0.449308522,-0.578361743
-0.444399114,-0.531796179
-0.44142284,-0.485235486
-0.436388526,-0.440557525
-0.473382266,-0.412906971
-0.430011123,-0.354090898
-0.425473853,-0.313347449
-0.461150824,-0.281633893
-0.452687287,-0.192224244
-0.467218556,-0.154355859
-0.476603215,-0.114459432
-0.432041222,-0.049355294
-0.458824342,-0.007719819
-0.462125104,0.02826909
-0.450838244,0.10158288
-0.440921688,0.139042204
-0.450725037,0.20900334
-0.424402684,0.243502985
-0.497480346,0.320083075
-0.427788322,0.353951565
-0.455235521,0.385738372
-0.427252713,0.441666687
-0.461208843,0.467069216
-0.482229195,0.52916219
-0.449390819,0.554426543
-0.469923226,0.6286066
-0.459859523,0.705775648
-0.438527993,0.739401623
-0.461122543,0.777365392
-0.468704456,0.829339858
-0.431387979,0.900081771
-0.448207143,0.940747365
-0.457688477,0.978357309
-0.467783264,1.020027722
-0.496900816,1.081365082
-0.378898568,-0.720977903
-0.392109057,-0.68371057
-0.39849637,-0.642971305
-0.406498579,-0.555697519
-0.404947718,-0.509471051
-0.400190569,-0.466877527
-0.395930467,-0.421889387
-0.392301689,-0.376030329
-0.387625309,-0.334551893
-0.423048257,-0.273321102
-0.39648861,-0.24641375
-0.386836787,-0.180214112
-0.391512188,-0.1332565
-0.434376609,-0.124080766
-0.396972417,-0.058533494
-0.422724501,-0.012573517
-0.37684615,0.047797306
-0.410442421,0.10273175
-0.400376668,0.140909664
-0.403505341,0.21333638
-0.374414325,0.245464162
-0.410103364,0.317175168
-0.375986744,0.339883609
-0.422674361,0.402586288
-0.385618291,0.417266468
-0.387589816,0.455235423
-0.413209714,0.528502856
-0.409423869,0.569927192
-0.400151916,0.614092453
-0.422132736,0.692740931
-0.399625488,0.736209877
-0.41750247,0.777794171
-0.433223557,0.814946149
-0.41738264,0.853365283
-0.392295901,0.891271127
-0.414538918,0.977083416
-0.391567,1.01622661
-0.414375398,1.058980837
-0.451152687,1.095036972
-0.332073117,-0.739366465
-0.345442363,-0.695791461
-0.354726085,-0.656148508
-0.367871353,-0.61538738
-0.331981648,-0.546205025
-0.360172877,-0.491280736
-0.36109652,-0.449631695
-0.358666907,-0.400809853
-0.348798712,-0.357880624
-0.352279349,-0.310080335
-0.352988809,-0.262036979
-0.341338629,-0.186560689
-0.323483692,-0.137039931
-0.353795616,-0.105772353
-0.313574441,-0.025040916
-0.345483316,0.008147747
-0.338444395,0.04855537
-0.334348333,0.090919217
-0.326812902,0.134645813
-0.359946469,0.207523397
-0.326639054,0.228884035
-0.370862452,0.295015201
-0.336002008,0.356168859
-0.355411766,0.386667898
-0.345980839,0.427459385
-0.35046817,0.466528514
-0.343277349,0.510731607
-0.369261163,0.583417548
-0.329367806,0.647206137
-0.39001214,0.658760085
-0.356016898,0.730339809
-0.377230883,0.774020067
-0.345019395,0.811317971
-0.347073629,0.891669946
-0.36881463,0.92744823
-0.353970635,1.013868821
-0.372145274,1.0575598
-0.368639825,1.098671163
-0.262769423,-0.803134456
-0.294844265,-0.768137934
-0.304791763,-0.698410109
-0.282274941,-0.625938855
-0.310094761,-0.583927409
-0.279228749,-0.50381017
-0.315674943,-0.46790985
-0.28839319,-0.424514657
-0.314961723,-0.388758527
-0.318385395,-0.328293747
-0.317696609,-0.283578247
-0.301152419,-0.250251113
-0.297455683,-0.205655278
-0.275392319,-0.142703638
-0.320060632,-0.067456615
-0.279796331,-0.032091954
-0.305591216,0.01714559
-0.26626285,0.042947948
-0.297456702,0.107106658
-0.26535754,0.130236568
-0.320863777,0.186629286
-0.292453486,0.247664962
-0.306542219,0.284085881
-0.302284826,0.329109132
-0.31234863,0.398740849
-0.307615088,0.440187128
-0.313908299,0.479155414
-0.306291602,0.525810758
-0.332726669,0.555984583
-0.298467901,0.624426116
-0.349976078,0.67761431
-0.311414739,0.743332678
-0.305143924,0.789573352
-0.335412252,0.848536598
-0.309696986,0.914464855
-0.285499469,0.95322669
-0.281248183,0.996220941
-0.329879468,1.054916202
-0.329581573,1.093222146
-0.232676136,-0.840613741
-0.218916773,-0.796409674
-0.250283417,-0.759240998
-0.242818991,-0.713029123
-0.266920063,-0.671110486
-0.265356761,-0.58544939
-0.249120589,-0.54312706
-0.23665211,-0.500292607
-0.272273658,-0.46389913
-0.264345029,-0.386296311
-0.261532619,-0.340037167
-0.236054861,-0.305137882
-0.263597901,-0.227893781
-0.262121375,-0.182418367
-0.233314593,-0.134731902
-0.22915972,-0.093786134
-0.241231029,-0.059852891
-0.269331513,0.003608109
-0.227538466,0.061741827
-0.229771953,0.106777675
-0.227959403,0.148675829
-0.232155043,0.195781066
-0.250752488,0.229223881
-0.271714516,0.303582825
-0.258168435,0.340064618
-0.257788061,0.381042223
-0.229560015,0.43423266
-0.279201805,0.493720929
-0.248141887,0.510603705
-0.248806629,0.575156399
-0.22665777,0.621601198
-0.250558051,0.68820069
-0.239296007,0.729571408
-0.265051637,0.795035217
-0.250675934,0.827074232
-0.266198594,0.866056374
-0.242010656,0.940346484
-0.244935347,0.982091527
-0.24604532,1.026814877
-0.288959314,1.083804808
-0.202388942,-0.878028198
-0.187746713,-0.83427403
-0.175914756,-0.791559055
-0.200104263,-0.710129441
-0.177508084,-0.669729428
-0.198436681,-0.634299369
-0.221674465,-0.579892618
-0.208744236,-0.531003372
-0.189892011,-0.484684637
-0.229367775,-0.463500056
-0.186426532,-0.367779778
-0.228463619,-0.356169477
-0.199452853,-0.278984823
-0.226187893,-0.214234612
-0.19063297,-0.189594031
-0.19135284,-0.145799499
-0.194700558,-0.103093859
-0.198907774,-0.056905699
-0.200358805,-0.012575963
-0.192913465,0.036759555
-0.190307974,0.12750172
-0.159695417,0.155194686
-0.197779054,0.173493605
-0.171672814,0.250768952
-0.191696956,0.288737411
-0.189908293,0.328659526
-0.222745017,0.395514787
-0.188404627,0.421089041
-0.232775977,0.472967692
-0.189814831,0.548696213
-0.210831346,0.585680681
-0.186693064,0.631661315
-0.218464303,0.66335853
-0.169594155,0.713964792
-0.199284329,0.753826791
-0.213845833,0.802942005
-0.189529362,0.881028124
-0.200582416,0.925359392
-0.205862231,0.969151708
-0.208377422,1.01329938
-0.205820615,1.0561206
-0.137033102,-0.944450304
-0.155810459,-0.870171649
-0.142553379,-0.827859195
-0.131078884,-0.78781489
-0.166579677,-0.750442286
-0.133538384,-0.669380667
-0.14921585,-0.630261088
-0.141500024,-0.584999421
-0.167485414,-0.51828064
-0.137905065,-0.493211302
-0.158886783,-0.452438935
-0.143775245,-0.376125958
-0.156469564,-0.336542781
-0.128955244,-0.297254543
-0.1552498,-0.257540755
-0.114602133,-0.186374442
-0.152624179,-0.166136543
-0.159865724,-0.07814211
-0.161236848,-0.035768732
-0.148087936,0.035189629
-0.125155387,0.075458829
-0.150391224,0.111828137
-0.118078252,0.143677056
-0.130794501,0.1847307
-0.141248535,0.226817569
-0.153629345,0.29012704
-0.118039184,0.307419076
-0.147014978,0.368953157
-0.148362044,0.445210841
-0.150115487,0.482377609
-0.134163194,0.529991083
-0.155227339,0.560614544
-0.144690938,0.639203635
-0.138364197,0.683042542
-0.128956071,0.72829724
-0.127295794,0.815957447
-0.155800068,0.840514056
-0.150897218,0.879356729
-0.159266424,0.91783341
-0.134825963,0.987866088
-0.164348615,1.040234241
-0.101678304,-0.969656323
-0.122081001,-0.902372978
-0.109120706,-0.858825032
-0.094385701,-0.816966625
-0.084387218,-0.775856604
-0.123632807,-0.748881101
-0.099809721,-0.643792222
-0.108486424,-0.60618786
-0.093335918,-0.567551807
-0.135178911,-0.545225897
-0.085919281,-0.486235718
-0.125763396,-0.416659665
-0.078914667,-0.401019018
-0.115254074,-0.336908066
-0.086980872,-0.304901766
-0.109380609,-0.264140417
-0.067205527,-0.190485774
-0.120870471,-0.138445639
-0.088644423,-0.069299526
-0.124820436,-0.050477431
-0.077737537,0.018899241
-0.083583734,0.066531672
-0.102960048,0.10746163
-0.072000478,0.136808152
-0.089319209,0.176938543
-0.075887229,0.246107328
-0.087597818,0.283389659
-0.072978415,0.321132275
-0.109238821,0.386287211
-0.10895062,0.423583566
-0.107000205,0.462181934
-0.08942119,0.531188063
-0.138337318,0.600274745
-0.103113252,0.613001931
-0.100458893,0.701735199
-0.092467525,0.749746039
-0.092627199,0.791987939
-0.087527567,0.838329745
-0.077665015,0.886305417
-0.11539613,0.905288105
-0.096449152,0.976452081
-0.077364543,1.010713089
-0.064032009,-0.988049971
-0.085767379,-0.931885233
-0.075522388,-0.888331314
-0.060994746,-0.845933913
-0.04555411,-0.802203569
-0.046600488,-0.750796002
-0.046469788,-0.704009694
-0.064890772,-0.610796975
-0.048705436,-0.567397314
-0.065630855,-0.529051346
-0.00976429,-0.458388387
-0.083205469,-0.437055618
-0.047420881,-0.380007218
-0.07158742,-0.347001206
-0.028266725,-0.267658809
-0.068829429,-0.265817415
-0.024241593,-0.188368878
-0.047204153,-0.151035034
-0.032425154,-0.116041892
-0.049986211,-0.047015659
-0.050711415,-0.006296212
-0.04755807,0.049586161
-0.058664721,0.09801897
-0.025443722,0.12645228
-0.057335058,0.208272473
-0.03074244,0.244463364
-0.046632344,0.279729393
-0.030816421,0.311541427
-0.068265143,0.403468589
-0.029066132,0.427412655
-0.070000667,0.488681552
-0.050924246,0.526099699
-0.072484652,0.570062229
-0.034082129,0.595175215
-0.066608716,0.646530912
-0.061422623,0.72656886
-0.050841934,0.771682484
-0.047693655,0.848981324
-0.039679201,0.886478528
-0.036552941,0.926378732
-0.011934309,0.964173145
-0.032975624,1.002043103
-0.020056987,-0.998832792
-0.04353173,-0.955408659
0.005771421,-0.915961781
-0.027238193,-0.878512732
-0.014344549,-0.838154821
0.025560784,-0.757064476
-0.005477375,-0.723822923
-0.019102981,-0.634944638
0.022147621,-0.607053226
0.002861434,-0.567358075
-0.019350747,-0.533418985
0.006782098,-0.496445067
0.011212167,-0.420737583
0.036688779,-0.380667759
-0.026191145,-0.343990789
0.034652141,-0.300900006
-0.004591453,-0.225031566
0.034523151,-0.218766064
-0.003129827,-0.15052169
0.036154077,-0.088924856
-0.013827314,-0.028732098
0.014569334,0.000238295
0.001731936,0.047382525
-0.021920513,0.08117489
0.018470187,0.142857114
-0.015049827,0.204380132
0.010779134,0.234324163
0.000497798,0.27814082
0.005362741,0.323434709
0.003743433,0.365376715
0.010352716,0.412482041
0.005661538,0.455356202
-0.001151569,0.536253683
0.003331698,0.589250014
0.017789161,0.630601276
0.007086629,0.669604987
0.016750147,0.74355467
-0.018803125,0.811326693
-0.005850829,0.849600263
-0.002449421,0.892368152
0.011020634,0.93107319
0.013223035,1.000331613
0.026049723,-0.998030423
0.068895727,-0.986155079
0.052905445,-0.904019794
0.034838202,-0.837746845
0.051736121,-0.789352063
0.044809036,-0.71973913
0.024891625,-0.688675031
0.067496379,-0.61944464
0.048981355,-0.574947573
0.051185875,-0.495053342
0.092302565,-0.493243365
0.034712665,-0.457483773
0.078875631,-0.37461612
0.057759912,-0.338548375
0.074369541,-0.295967155
0.049097923,-0.257049231
0.061140251,-0.176474461
0.041760967,-0.139847587
0.070185885,-0.11202755
0.05524466,-0.019553548
0.084031139,0.006291789
0.03517191,0.065706377
0.064794966,0.086106941
0.06144235,0.158459193
0.028747984,0.188090081
0.050102375,0.220773489
0.042735756,0.261482587
0.040897221,0.30096437
0.039024074,0.383960656
0.073092185,0.399604042
0.04438307,0.468694654
0.045893748,0.524730076
0.068588803,0.56303723
0.045729458,0.598847838
0.046649224,0.670284442
0.06761391,0.707095641
0.043861404,0.780196731
0.027502503,0.816550989
0.032754378,0.860037119
0.058199325,0.926065149
0.035939476,0.966766267
0.060459251,1.006693158
0.107989599,-0.965725637
0.1052692,-0.90505446
0.075133641,-0.867227847
0.071981538,-0.821607421
0.073703807,-0.750901998
0.1134233,-0.736682472
0.084246836,-0.702209198
0.11456145,-0.613817243
0.090928363,-0.577524165
0.111924865,-0.53535493
0.130434454,-0.493414047
0.079412799,-0.454385273
0.138513073,-0.40710249
0.099543609,-0.329186834
0.115809875,-0.282548993
0.08713216,-0.254917223
0.107899846,-0.185363339
0.092133173,-0.148717186
0.095551503,-0.082926944
0.10006135,-0.038434731
0.120791744,-0.001944544
0.080122798,0.046375282
0.104113387,0.081854583
0.109835381,0.160321437
0.078928707,0.192131735
0.086373153,0.238036575
0.080898373,0.277355351
0.121403179,0.338384997
0.111847471,0.381231591
0.100680378,0.425542887
0.087225399,0.458099229
0.113176743,0.493626325
0.112183764,0.570756169
0.101664099,0.640087224
0.125307056,0.691472847
0.104580445,0.727318774
0.122971701,0.804624486
0.10515965,0.844587722
0.128110416,0.882178279
0.102747041,0.918924779
0.100196483,0.985271459
0.109001478,1.020127022
0.141314473,-0.940869962
0.153337389,-0.902621353
0.143974404,-0.816252493
0.143592503,-0.768693915
0.157338198,-0.726609301
0.144369428,-0.649168501
0.16035006,-0.607429477
0.135152302,-0.572025598
0.154868282,-0.529545839
0.167688342,-0.483544865
0.167950171,-0.443244088
0.176647787,-0.398927198
0.139545049,-0.325725311
0.153584462,-0.289123811
0.148111959,-0.246708715
0.147752423,-0.199889875
0.143513429,-0.1566235
0.173363231,-0.070972202
0.145750515,-0.036558986
0.159434862,0.0045685
0.122358887,0.038522622
0.130914797,0.119633265
0.160553174,0.138865399
0.144985213,0.177316689
0.124018991,0.256593348
0.167454898,0.270391828
0.166006544,0.341103006
0.150372512,0.374733388
0.171100312,0.436046375
0.155735922,0.499596476
0.133901426,0.53320686
0.174588665,0.608211623
0.174035308,0.644205565
0.170137365,0.688671052
0.173729168,0.757991375
0.168561738,0.798600641
0.14686828,0.84193862
0.151245627,0.918534258
0.171742478,0.961346068
0.145377691,0.993211438
0.152138676,1.035577562
0.190460091,-0.891888699
0.197844517,-0.823986668
0.192791129,-0.756329411
0.202266585,-0.718786676
0.172514967,-0.684611044
0.188712242,-0.64300911
0.17923572,-0.565487031
0.195822862,-0.520333628
0.208880574,-0.476466224
0.209122862,-0.433924608
0.21485395,-0.39274012
0.199838442,-0.354627109
0.223264746,-0.281579532
0.184945114,-0.222651635
0.186366034,-0.182142769
0.188827002,-0.143544779
0.216018785,-0.071433972
0.190086611,-0.031345374
0.19557302,0.017534813
0.164311162,0.048072774
0.176759592,0.096169365
0.192381481,0.162771222
0.176847761,0.198739409
0.194175966,0.235863741
0.212762119,0.271210319
0.197909313,0.31085407
0.182751234,0.396824724
0.211304915,0.430491567
0.242706908,0.504362916
0.201616936,0.507043042
0.235158061,0.585930143
0.21587672,0.624518617
0.229965298,0.70036231
0.197673695,0.72189589
0.210690219,0.767413075
0.213130987,0.810962692
0.221773775,0.856708293
0.19472415,0.92676261
0.215872776,0.968690245
0.230955118,1.01337172
0.231169869,1.065426553
0.247083484,-0.822433676
0.226090096,-0.788109901
0.241644674,-0.753210179
0.217703206,-0.676857286
0.234849147,-0.640229369
0.22088344,-0.560650318
0.23715946,-0.520735276
0.249704563,-0.485741842
0.249319082,-0.445892713
0.286279922,-0.377892772
0.244952082,-0.362568871
0.260861527,-0.289516013
0.257955259,-0.239644049
0.229737943,-0.200917421
0.227057922,-0.161687909
0.258322442,-0.082379201
0.239006663,-0.041821436
0.263670758,-0.003974591
0.238315417,0.035220207
0.224109537,0.088203696
0.250888843,0.118354849
0.219173096,0.196593443
0.236792098,0.231786942
0.240639898,0.301884765
0.230105128,0.343718406
0.226371224,0.392528957
0.253560507,0.428138463
0.262806781,0.468018374
0.223451766,0.545069015
0.273304641,0.577231966
0.262111225,0.619021114
0.268543699,0.695535759
0.244012154,0.739427332
0.278386683,0.764795375
0.255652391,0.834876525
0.262253158,0.883710832
0.241518331,0.929520287
0.259154644,0.970996042
0.263784558,1.036901003
0.274222352,1.079598318
0.277992721,-0.785555889
0.279739997,-0.72981526
0.30181053,-0.666339293
0.290888323,-0.593261774
0.308503382,-0.556630899
0.285182117,-0.512930279
0.288482202,-0.467388268
0.291579385,-0.421911041
0.328625428,-0.392445196
0.27370408,-0.332963629
0.328929087,-0.266791561
0.302093022,-0.225866296
0.273505105,-0.194635758
0.305156053,-0.157569835
0.282224601,-0.11732833
0.281551167,-0.044893801
0.305208003,-0.00772483
0.30630115,0.066425755
0.28749154,0.103756553
0.339664133,0.166986338
0.304300718,0.185347041
0.321844062,0.221919117
0.353193889,0.250174146
0.308084961,0.323189228
0.298597776,0.364834165
0.287452762,0.408479176
0.288089861,0.501714453
0.304734233,0.539297034
0.304811713,0.615607832
0.29098433,0.65420648
0.311056008,0.688031763
0.291469186,0.729030231
0.320053201,0.770559217
0.296461217,0.850899222
0.308185751,0.889201002
0.283344539,0.926747033
0.286005576,1.002218898
0.3072644,1.042733285
0.314775627,1.090191385
0.311366776,-0.753648095
0.349695308,-0.730422173
0.341563104,-0.662018572
0.339057701,-0.588356336
0.365562342,-0.511577308
0.327719147,-0.484152469
0.358302193,-0.425324604
0.375091691,-0.387562965
0.316229496,-0.348059577
0.369045327,-0.27053636
0.346884954,-0.229181282
0.323899467,-0.19195959
0.351218632,-0.156943013
0.326357615,-0.120085099
0.37134402,-0.044779743
0.349920088,-0.008742375
0.351921195,0.060401114
0.332935611,0.099321713
0.360863356,0.133448426
0.354091692,0.201998373
0.388242091,0.220396507
0.372001941,0.288625899
0.3748553,0.328900453
0.366856634,0.375888298
0.350942783,0.456063762
0.322090369,0.483041039
0.337324065,0.519740341
0.348861004,0.603462588
0.33778038,0.646022908
0.349689138,0.684771078
0.332960903,0.72761145
0.355862633,0.790255109
0.374553732,0.826401263
0.344865193,0.86357412
0.350587369,0.956282139
0.332605981,1.002060758
0.346414824,1.05451449
0.356766075,1.097432735
0.396136417,-0.717839029
0.415874762,-0.678780198
0.420218643,-0.631201991
0.398381734,-0.549097837
0.403638112,-0.506076113
0.370865245,-0.467911378
0.398293629,-0.427950716
0.419512482,-0.388772517
0.401536053,-0.350653997
0.410213912,-0.27446328
0.390323338,-0.232423112
0.371167678,-0.193163852
0.398020135,-0.156995419
0.39369442,-0.081730561
0.416407369,-0.043913681
0.396910039,-0.008162923
0.417024873,0.091542492
0.401672239,0.130092878
0.43110779,0.154326282
0.386348148,0.171853304
0.433674586,0.234899008
0.398347518,0.259951852
0.411130281,0.305937953
0.40295429,0.360497149
0.40455836,0.402997029
0.395348072,0.451066652
0.378924235,0.534289964
0.389653579,0.579276175
0.380925251,0.626723866
0.41483609,0.696543078
0.410614093,0.742632253
0.399527743,0.784363054
0.419842743,0.819566686
0.393794325,0.861080049
0.369011486,0.900586184
0.380019628,0.982826521
0.414115235,1.016692242
0.39351704,1.060005313
0.434298654,1.097741797
0.440944942,-0.715096225
0.45769725,-0.66867686
0.458813875,-0.619953184
0.476321037,-0.580319666
0.478076139,-0.537198312
0.461240499,-0.457374703
0.442163917,-0.423968362
0.467649791,-0.389819897
0.447252191,-0.354677671
0.452322168,-0.280233281
0.473111671,-0.242918472
0.459229889,-0.200839785
0.444441796,-0.158835291
0.413752403,-0.118460162
0.472702804,-0.046514206
0.423901198,0.023991628
0.446799952,0.06519775
0.447873852,0.114132405
0.477522526,0.144107221
0.462176675,0.181403303
0.469320422,0.216432963
0.438325278,0.275239416
0.430471864,0.33762605
0.444506101,0.382208486
0.468514381,0.455028457
0.43339393,0.46925242
0.464810597,0.541343602
0.461554085,0.613189744
0.475969482,0.648535193
0.487036438,0.695966052
0.44963817,0.728316453
0.444068454,0.774594214
0.462912887,0.816747763
0.441016991,0.857913583
0.440919337,0.92938864
0.458110484,1.006838778
0.478903032,1.045740312
0.472905538,1.089775652
0.527692414,-0.718876018
0.502746949,-0.678206277
0.532542883,-0.641879039
0.518339936,-0.599185973
0.516905675,-0.556103623
0.516999267,-0.512160472
0.505032763,-0.464705355
0.525597272,-0.393285887
0.473356828,-0.322584515
0.49384344,-0.285089877
0.515222403,-0.24884239
0.504326424,-0.211397401
0.530333937,-0.14991819
0.522478394,-0.108771389
0.521038632,-0.036115294
0.490080403,-0.006716203
0.512058834,0.0349241
0.484895164,0.098780222
0.515043523,0.127258431
0.505288094,0.178463321
0.508448135,0.222297237
0.498937971,0.296068981
0.506797786,0.33321777
0.493213231,0.376393589
0.505495207,0.447464815
0.480168807,0.492952897
0.502909258,0.530508331
0.509349621,0.614010576
0.514426254,0.662082315
0.526558944,0.706819563
0.487904736,0.738267338
0.508163298,0.820490119
0.537959401,0.851309973
0.515866366,0.889791612
0.494367492,0.929286528
0.498310139,0.97987257
0.542749339,1.05597626
0.511241893,1.074859389
0.574682655,-0.720704353
0.549106748,-0.68244739
0.565241464,-0.610082145
0.557630378,-0.570076093
0.555488913,-0.527292893
0.545977211,-0.481863281
0.565415727,-0.415936243
0.543813861,-0.354307664
0.517821117,-0.321285787
0.578524907,-0.267047274
0.600472087,-0.22740585
0.536759355,-0.189648263
0.574047014,-0.15921608
0.563520482,-0.117589457
0.563638677,-0.032767893
0.533818144,0.002287783
0.577295288,0.072378643
0.528924719,0.080683881
0.583185515,0.150440839
0.548221638,0.194745379
0.547965718,0.233775155
0.54371257,0.31158932
0.573195249,0.347119933
0.536313939,0.361516306
0.543856674,0.440597948
0.557079318,0.48201149
0.573158224,0.559544894
0.554506868,0.596695136
0.585752076,0.62577995
0.5665795,0.726355387
0.527846564,0.749064135
0.569977251,0.768515016
0.588566997,0.845261934
0.565748552,0.884504427
0.54601459,0.92167922
0.597436732,1.002870642
0.571343197,1.032106853
0.620927175,-0.720078513
0.596744895,-0.681214449
0.613247768,-0.631630672
0.601411929,-0.585932712
0.595913504,-0.542053902
0.588236635,-0.497137659
0.621445795,-0.461132824
0.620655108,-0.382062309
0.590700558,-0.344613897
0.604560064,-0.301537345
0.62317916,-0.259827813
0.578043234,-0.197381593
0.644402659,-0.150519918
0.598672054,-0.092463105
0.611491955,-0.011365362
0.603459554,0.033373521
0.623341227,0.065916449
0.598579296,0.106142987
0.623069728,0.139501027
0.589391479,0.189515352
0.629869845,0.217841576
0.58890592,0.305613357
0.618246919,0.335519461
0.604785386,0.375686479
0.60556041,0.41595066
0.59939001,0.478442494
0.6139488,0.54115326
0.604620118,0.590462379
0.629501704,0.632173748
0.597517329,0.703145603
0.609858362,0.750165179
0.644437131,0.779793541
0.626656973,0.859345265
0.608314356,0.893378887
0.59156127,0.928771174
0.62096796,0.96806487
0.665150182,-0.715847036
0.67968753,-0.677883535
0.658191115,-0.636284763
0.683803612,-0.600973819
0.667644815,-0.513107404
0.661070095,-0.46807956
0.652986137,-0.421524765
0.661077871,-0.375429452
0.631558691,-0.338740598
0.646825268,-0.29562616
0.664235837,-0.252681403
0.673595934,-0.181337257
0.681575159,-0.135792193
0.64169336,-0.106708441
0.647440402,-0.024370577
0.647724082,0.021151927
0.665068029,0.061217169
0.642454493,0.103138744
0.6648619,0.148372914
0.669605051,0.193620142
0.688499747,0.235106636
0.649969703,0.249835611
0.662319378,0.325969043
0.648762334,0.367106423
0.669610079,0.440256684
0.632908074,0.500800064
0.678926523,0.57283446
0.653528774,0.607546888
0.693718584,0.618322863
0.637799505,0.671831305
0.658963945,0.740982038
0.691337946,0.769391253
0.6697275,0.851459395
0.6558829,0.893125001
0.640136075,0.931315933
0.752941211,-0.689835916
0.712800339,-0.705466212
0.720689822,-0.612725503
0.721858015,-0.569456349
0.707884066,-0.524877373
0.738245899,-0.417153474
0.740428472,-0.376295975
0.672036292,-0.331033567
0.688789471,-0.288174196
0.739754683,-0.232836972
0.724809153,-0.195912827
0.715598126,-0.160177688
0.681084304,-0.095038196
0.714651656,-0.040904188
0.695954341,0.025158854
0.706012477,0.066020564
0.679522741,0.106394243
0.705007759,0.150911167
0.711197121,0.195128756
0.732478415,0.237897755
0.675375025,0.281767766
0.703503308,0.316156211
0.692126341,0.360238008
0.750227332,0.43715227
0.718116176,0.472002751
0.706673035,0.545557074
0.718409747,0.589379784
0.731104036,0.638419226
0.715354386,0.679535138
0.70214186,0.725705352
0.792108517,-0.664883026
0.745466578,-0.649551814
0.756978749,-0.598947856
0.747274535,-0.537099163
0.78646407,-0.477939826
0.782114417,-0.436849053
0.78001722,-0.39518415
0.746830234,-0.333093912
0.740522603,-0.282776965
0.813879072,-0.22405848
0.774389658,-0.210440754
0.796395303,-0.138378846
0.770431741,-0.0973861
0.777954912,-0.026795594
0.739801081,0.033679361
0.782691887,0.050734354
0.749270324,0.123450861
0.786140744,0.140989399
0.754064657,0.207366322
0.784031991,0.238474023
0.760707325,0.272029915
0.782793058,0.329291582
0.777051218,0.406128358
0.79647712,0.447196986
0.764998641,0.476710861
0.778466388,0.518202382
0.754131897,0.597467442
0.826752315,-0.627880945
0.782838658,-0.627394017
0.820739217,-0.549152746
0.827594037,-0.503905792
0.825768374,-0.459403723
0.821602545,-0.415874375
0.818672637,-0.371016243
0.810920637,-0.272963617
0.845427192,-0.244905102
0.811169663,-0.181079105
0.838767357,-0.147320621
0.819551811,-0.102349401
0.82027246,-0.023092341
0.779351133,0.009862505
0.822464855,0.066091798
0.785301711,0.095057414
0.822173086,0.161170217
0.786405954,0.186184389
0.817683867,0.20992138
0.797969001,0.289572535
0.823440944,0.332980807
0.806800606,0.372630779
0.822806552,0.415411323
0.810983543,0.488303615
0.818034312,0.532833219
0.850186234,-0.583270586
0.862638916,-0.534826186
0.866390245,-0.485468069
0.858730958,-0.391048602
0.851676788,-0.343263628
0.845848754,-0.294590411
0.855803368,-0.195138229
0.87814593,-0.149430684
0.892388418,-0.069819089
0.84699591,-0.060201214
0.820025233,0.021774743
0.861237449,0.039120042
0.858770041,0.086339184
0.889774007,0.16426556
0.894241347,0.215203126
0.8555002,0.226014916
0.843599973,0.296614639
0.849120454,0.376330734
0.865236003,0.414462584
0.882553797,0.448241176
0.852733207,0.508590266
0.906034227,-0.110567469
0.882069059,-0.030323114
0.902653174,0.013559503
0.895742677,0.061381943
0.891054805,0.112399434
0.922834212,0.139996932
0.927205389,0.186003244
0.97678438,0.244606647
0.910891926,0.264176585
0.886689633,0.302528493
0.897212449,0.38248174
0.914459627,0.420173686
0.925125305,0.462587828
0.968787733,-0.037340461
0.923192981,-0.03009334
0.981308926,0.038357245
0.968654015,0.080707687
0.99668551,0.125825741
0.969195859,0.202560118
1.016847638,0.256323577
0.993420705,0.290955499
0.928978899,0.309940854
0.947774188,0.396729679
0.960794615,0.438274149
0.998475125,-0.001900981
1.027327849,0.036251587
1.007264101,0.077242792
1.041753735,0.150577375
1.051670552,0.189037308
1.055244434,0.22840346
1.055005152,0.269120116
1.011810992,0.337115751
0.995679955,0.411047143
1.052743254,0.075913617
1.088844332,0.162703207
1.095776796,0.207930755
1.09344292,0.254214589
1.079987468,0.301633185
1.029422456,0.378793289
-0.353259057,0.163505179
0.26583021,-0.680811468
-0.039907515,-0.917173737
-0.869382592,-0.164512875
-0.289866383,-0.54509563
-0.406167849,0.937146965
0.160171752,-0.36008418
-0.922647461,0.152636949
1.012253942,0.21339261
0.487295785,0.778824744
1.074496337,0.119666616
-0.595819516,0.115894808
-0.469864924,-0.619799409
0.06374088,-0.060785768
0.186303359,-0.267890915
-0.374161966,0.853299846
-0.805259087,0.40651611
0.864251666,-0.437686325
0.764858724,0.365582454
-0.372759578,0.542078549
0.116402995,0.208052298
-0.306216619,-0.168490776
-0.78611474,-0.418173763
-0.492357378,0.79766642
0.367512737,0.417374513
-0.16287347,0.753868856
-0.07231822,0.363727405
0.370865068,-0.120168289
0.477225501,0.25813653
-0.666767267,0.069146788
0.491211375,-0.421675536
0.964060198,0.160762853
-0.229057088,0.306082471
0.442810877,-0.500918778
0.444599267,-0.015212311
0.024242156,0.707735698
-0.362630559,0.628460661
-0.504579538,0.238759745
0.62811083,-0.505585862
0.373731264,0.024921142
0.328746314,0.821289004
-0.784545924,-0.51203331
0.438060803,1.05342555
-0.480886029,-0.50226252
0.141842621,0.079720474
-0.332020728,-0.227645452
-1.050850684,0.275382663
-0.576555749,0.201943479
0.465658959,0.024843236
0.264428488,-0.154365151
0.071029967,-0.535394244
0.690369677,-0.218253541
0.115292888,-0.229368808
-0.590178425,0.156551465
0.417736527,0.610417311
-0.736313404,0.184805828
0.741625726,-0.456850011
0.714172194,-0.316005072
-0.416553958,-0.210158447
0.557987873,0.679148943
0.011179799,-0.263069939
-0.167057343,-0.297556115
0.73513349,-0.007553965
0.206224944,0.66960051
0.573294346,0.964974677
-0.189814203,0.463340101
-0.262036259,0.174511568
0.715879018,0.108372013
-0.022705897,0.6311324
0.37575466,0.093304088
-0.086779725,-0.22470061
0.737644862,0.510912417
0.247988387,-0.596242099
-0.980633701,0.236082655
-0.450255551,0.508481297
-0.295980622,0.576658145
0.606278029,-0.135005123
-0.297064525,-0.35748879
0.325678047,0.427122429
-0.738312508,0.027237481
0.32608497,-0.523718598
-0.688567158,0.56900276
-0.327489241,-0.617506269
0.507841546,1.019833479
0.019228406,-0.874439508
0.218622064,0.894160614
-0.579284297,0.611519472
0.857372316,-0.00325345
-0.547015843,0.235275781
-0.351500145,-0.031758511
0.196804923,0.57797565
0.824213653,0.256308904
-0.408682557,1.099800731
-0.270479059,0.414897895
-0.035878246,0.349207084
0.278598359,0.151395852
0.404623757,0.498352384
-0.28028965,-0.06843888
-0.170038877,0.512227477
0.70972736,-0.255143177
-0.784639509,-0.623919263
0.633723926,0.712926881
-0.435486824,-0.627429623
-0.021395693,0.499856675
0.432216739,-0.23713578
-0.03449975,0.46694319
0.542774751,0.15606407
-0.190833582,0.835698672
-0.194533725,0.086443622
-0.507279791,0.65509192
-0.715436802,0.252823936
-0.790421788,-0.467668893
-0.307391668,-0.105419438
-0.055929625,0.966876392
0.618602563,-0.181499275
0.04002323,-0.950083725
-0.534404867,0.407088972
0.746540257,-0.496707638
0.519456431,0.486512828
0.677925141,-0.057232192
0.229808678,-0.322567895
1.058118145,0.342472758
0.822258751,0.112962647
0.554222737,0.0429474
-0.465879418,0.425393417
-0.472163823,0.16617963
0.080738226,-0.937565895
-0.263788668,0.084794215
-0.200061145,-0.325495933
0.601121599,0.797414707
0.546890243,0.638313981
0.133933707,0.45896356
-0.079935745,0.93111822
-0.023840766,0.745166199
0.476387703,0.412775639
-0.170644341,0.200884767
-0.559703925,-0.48786901
0.864969669,0.340651267
0.934624221,0.231192496
0.274464492,-0.634054391
0.806397211,-0.590805012
0.746265495,0.55298919
-0.370976422,0.972249372
0.642211258,-0.593667609
0.102630673,-0.785483383
0.431021146,-0.585328068
-0.231236286,-0.257673385
-0.795616632,-0.192838797
0.703971855,-0.35803775
0.81361857,-0.322493799
-0.185388084,0.374653237
-0.038752593,-0.496153208
0.05910857,0.743087245
0.370341324,1.022328686
-0.430245326,1.018028118
-0.104049253,-0.375583247
0.132730978,0.764736492
-0.175736728,0.596786838
0.775400633,-0.563500356
0.024209114,-0.64559429
0.389399208,-0.59264119
0.696370838,-0.399822376
0.377540796,0.712613252
-0.223702803,0.854027194
-0.122340238,0.260684801
0.260115978,0.070576204
0.708301879,0.434508029
-0.047238171,0.167897116
0.530163589,0.957030988
0.695057527,0.507859197
0.466620736,0.894745939
0.428721215,-0.315413503
0.088469666,0.601783017
0.247744403,0.789495541
0.513811777,-0.069884432
-0.301236765,0.062010964
-0.736567397,0.460901115
0.950123604,0.004714223
-0.422099826,0.027099356
0.090607519,0.676671255
0.150992451,0.228226497
0.396295953,1.099984525
0.480392521,-0.495848272
-0.227103735,-0.171760854
-0.889000701,-0.080121636
-0.507200138,0.611002436
0.261832348,0.192482037
0.871291052,0.261128326
0.282567867,0.032525541
-0.484771334,0.125574037
-0.283036854,-0.308039518
0.018042538,0.497348438
-0.157063911,-0.209009475
-0.695286985,0.612420869
0.52619993,0.568009054
0.969472741,0.32461662
-0.864085504,-0.003186597
0.290029928,-0.264337893
0.386104676,-0.653403511
-0.644133483,-0.22616777
-0.746933696,-0.487113445
-0.452768318,0.065557547
0.04923779,0.431041507
-0.533433813,0.481055098
0.12753597,-0.692063665
0.22318574,-0.00650578
-0.673944194,-0.641924133
-0.6884103,0.374033236
-0.10574352,-0.521713688
-0.20768518,0.706539594
-0.08007253,-0.114913003
-0.150711618,0.40707261
-0.372628527,0.085085532
-0.477022315,-0.457023003
0.703004597,-0.649336318
0.198815324,-0.106338204
-0.601017883,0.393165107
0.306620765,0.96275639
0.133517705,0.611276089
-0.493078693,0.082982515
0.091403344,0.768571487
-0.630975357,-0.182580033
-0.031035215,0.669100663
-0.170664106,-0.913303099
-0.239504205,-0.625175886
0.124501743,-0.452109192
0.297063534,0.452258105
0.070569051,0.496363624
-0.101730572,0.217754759
-0.385537142,-0.289839969
0.595835404,0.662707978
0.100685845,-0.65544834
0.007683205,-0.802943417
-0.616584788,0.318803762
0.188493296,1.005538653
0.784163445,0.561846788
-0.270723608,0.909278152
-0.165503518,0.00297031
0.039247547,0.895489008
-0.164397344,0.070480676
-0.030359432,0.557722182
0.556408218,-0.074226975
0.801916525,-0.064693945
-0.457533422,1.057954028
-0.768753358,0.121115223
-0.531294541,-0.558177492
0.364337802,-0.622305402
0.581350496,0.442306528
0.339621821,0.344048394
0.957618455,0.119289122
-0.4858923,-0.079444278
-0.655910458,0.278815667
-0.498563665,-0.296222061
1.005550948,0.171385704
-0.229303781,0.018924454
-0.216981226,-0.397226637
0.490647406,-0.172209723
0.167174292,-0.854107317
-0.125703575,-0.227264204
-0.815285553,-0.324972225
-0.627478672,0.864644254
0.04840933,0.11838957
-0.055541513,-0.655899725
-0.485700375,-0.546559342
-0.577260202,-0.570003885
0.074212983,-0.214274397
-0.296884726,0.829966859
-0.594650143,-0.05755883
-0.736309798,0.317118155
0.983971797,0.369463861
-0.405978768,-0.595519937
-0.166658377,0.957615352
0.76399958,-0.173857336
0.422253953,0.972791705
0.385493118,0.664906516
-0.580256527,0.573259709
-0.586071866,-0.650611521
-0.282719207,-0.727115672
-0.218706144,0.260178369
-0.050809496,-0.084848342
0.155158677,0.305233713
-0.469821369,-0.370318427
-0.381754349,0.498887035
-0.65764969,0.165227741
-0.573619896,0.721875831
0.564825403,0.396355745
-0.28133251,0.711815937
-0.170405323,-0.408982222
0.565097481,0.272278577
-0.593594163,-0.41981192
-0.871141208,0.276799471
-0.311420732,-0.658260708
0.856988068,0.135575788
-0.618276807,0.457263031
-0.45517334,0.866554023
-0.199653084,-0.437894105
-0.538039892,-0.170920651
0.496760316,-0.361012942
-0.246068849,-0.425553882
-0.668496954,0.855518574
-0.711904533,0.533447388
-0.924935117,-0.039274945
-0.5875627,0.056403785
-0.514209465,0.834462968
-0.502092936,1.041143473
-0.41951029,0.483311066
-0.20513981,0.503271126
-0.110743714,0.034435713
0.904324683,0.344032051
0.861486457,-0.104950249
-0.369712265,-0.532630987
0.575955444,-0.381854194
-0.866861421,0.076228017
-0.360399088,-0.577122499
-0.528462858,0.199406429
0.119018479,-0.368907967
-0.528435941,0.973291278
0.487559727,0.856352837
-0.422915597,-0.163290941
0.326823771,0.027879161
-0.494379939,-0.253611383
-0.057299083,0.809222452
0.723397106,-0.080720304
0.119653943,0.294924414
-0.712649769,-0.617967357
0.607976005,0.26250676
0.117715576,-0.119850334
-0.069519269,0.4439667
0.643445573,-0.215095683
-0.522468717,0.27497312
0.064689963,0.842129296
-0.588801871,-0.126166148
-0.171000368,1.001132987
-0.505444378,0.563070024
0.366392617,0.752404833
-0.25796898,0.269906808
0.747794537,0.310609354
-0.762070263,-0.222573004
0.385025544,-0.312213159
0.439026026,0.575888684
0.331426356,0.920929405
-0.933085839,0.041024792
-0.067320231,0.610204693
-0.399211507,-0.095553637
0.349199209,0.561422267
0.444739513,0.508684213
-0.269761566,0.455898826
-0.437694482,0.601568324
-0.087081852,-0.155402886
-0.55084794,-0.054984971
-0.023813142,0.017908957
-0.226793164,0.541920931
-0.476638111,-0.716052426
-0.005800473,-0.383635918
0.578614863,-0.45526561
-0.221366901,0.352040325
-0.0196295,0.707408113
0.156921159,-0.11322777
-0.123195544,-0.005631985
0.925925697,0.090596788
0.365346432,-0.692030582
-0.177667048,0.671593003
-0.293647479,0.367603433
-0.119692455,-0.708654755
0.315704075,-0.704294063
-0.698715605,0.169816317
0.304418904,-0.081444132
0.522335567,0.404853658
0.203557782,0.059101577
-0.784989347,-0.036842202
-0.856945074,-0.562087481
-0.401837187,0.274920154
0.77573385,-0.254988381
-0.535790054,0.797180213
0.538922691,-0.280643847
0.107944616,-0.83162779
0.242066472,-0.712259111
0.587058775,0.228789971
0.416277632,-0.19528006
-0.304626297,0.874389475
-0.014007733,-0.676949085
0.677051416,0.651800336
0.574770868,0.005898508
-0.525359154,-0.220209373
-0.236494707,-0.024057881
-0.283916602,1.043438312
-0.635202052,0.244225972
-0.382057166,0.699745595
0.556505348,0.113084453
0.584822633,0.516003106
0.043460363,0.0252643
0.633336183,0.294269143
-0.120308082,-0.095807595
-0.442044633,-0.084620208
0.218250375,-0.858722701
0.265554388,-0.554031868
-1.045728259,0.064128402
-0.912806694,0.077821336
0.630300946,0.453102169
0.329095303,0.3885525
0.368330475,0.49052137
-0.02277667,-0.597946463
-0.554168821,-0.444542043
-0.477153443,0.355404823
0.24699835,0.65713608
-0.359590581,-0.069187791
-0.203328019,0.223191441
-0.652866873,0.563384261
0.777384706,-0.302558514
-0.324532596,0.977989491
-0.530001489,0.72312273
0.608698442,-0.420330472
0.716121166,0.275100621
0.281542067,0.227943734
0.138746429,0.415181969
0.533673661,-0.437904138
0.463614728,0.961733808
0.936810362,0.046088302
-0.366711236,0.123855636
-0.965621483,0.341986779
0.63694316,-0.065658166
0.042972317,0.342565572
-0.388873435,0.815185901
0.008125565,-0.112247572
-0.088698727,-0.025257981
0.952446304,0.277347619
-0.537193933,1.015526762
-0.328092784,-0.428848673
0.747335464,0.076632092
-0.121069082,1.024220902
-0.170821472,0.795268231
-0.464636548,0.668194303
0.079778367,0.3578494
0.186148737,-0.315231461
0.180757195,0.470769415
-0.594038766,0.538929955
-0.556575615,-0.683966191
-0.086585057,-0.684785048
-0.518155942,0.90933551
-0.047655103,-0.307559253
-0.273679713,0.54308978
-0.584396953,0.869621207
0.290004022,0.8061263
0.856113132,0.18439277
-0.284774467,0.205938104
0.468679632,0.346247411
-0.786580228,0.084683773
-0.851981299,-0.130686659
-0.273977178,0.754456923
0.461567377,0.305855544
0.17564816,0.88172337
0.886514291,0.487070921
-0.009141022,0.166742266
-0.386209367,-0.023952797
0.643032817,0.407063062
-1.083681459,0.144554329
0.080394232,0.882561619
-0.331338396,0.599539266
0.745876912,0.164952987
0.205307302,-0.603330357
-0.526521044,0.025519863
0.438534547,-0.075455853
0.178100392,0.538849113
-0.603134024,-0.505111734
-0.065361431,0.687426583
0.125630854,-0.866636861
0.522317996,0.266714578
-0.246611008,1.070790293
0.416583736,-0.464506631
0.598776544,-0.050541904
0.485685951,0.577049557
-0.92580901,0.359801516
0.268346399,0.334341736
0.349068978,-0.082553129
0.259553821,0.378034281
0.184854438,0.840326146
-0.777157156,0.003917307
-0.414150067,0.064672997
-0.266579972,-0.104365101
0.54376728,0.526151833
0.1499351,0.724870866
-0.314707401,1.017705947
0.061387765,-0.665689341
-0.233529721,0.77083485
0.450081037,-0.117536076
0.63662081,-0.674635789
0.438993821,-0.543810133
0.421982608,0.196119957
-0.704308383,-0.707868642
0.487654707,0.062290809
0.326468307,-0.045020268
0.755193645,-0.136533752
-0.388735287,0.175923942
0.344147877,-0.309540808
-0.000987538,-0.959205835
-0.009670047,-0.073325527
0.393115265,0.937058594
-0.818726767,-0.065337493
-0.601232915,0.830683467
-0.112478701,0.498637655
0.061194845,0.6368739
0.326432895,-0.442845781
-0.154633854,0.33244563
-0.117151606,-0.458397087
0.022888961,-0.046257147
-0.606198808,0.014167379
-0.035236248,-0.420532158
0.937501242,-0.073176247
-0.005557638,-0.30516354
-0.115022262,0.861707942
0.205591946,0.125124189
-0.224497131,-0.670290192
0.152580841,0.571703141
-0.988103123,0.120656917
-0.179209644,-0.559944358
-0.029466049,0.388711195
-0.988921936,0.304250714
0.081869274,0.317828279
0.417675469,0.542667978
-0.340324904,0.769514547
0.198305367,0.359833868
0.13226052,-0.075356218
0.545352466,0.999618661
0.192936497,1.051227793
0.098412057,-0.413534773
-0.383749081,0.013050294
-0.655937742,0.646005634
0.092301039,0.5314887
0.090196579,0.124273706
-0.567402297,0.089541452
-0.43219265,-0.396906308
0.077507532,0.958867827
-0.370957003,-0.218041593
0.07745302,0.805871735
-0.976423201,0.034954913
0.722618013,-0.117021713
0.25207615,-0.406410332
0.48707285,-0.133812896
-0.466698724,0.245308799
0.634428057,0.820776507
0.78772898,-0.520170219
-0.357848112,-0.150838121
-0.428991222,0.647365171
-0.883805971,0.350652221
-0.718187023,-0.210796075
0.303974589,-0.30530564
0.685690681,-0.010665995
-0.044993744,-0.228414778
0.669994822,0.479232406
-0.775017838,-0.555363476
-1.011965722,0.263256434
-0.617111831,0.212916032
-0.54767286,0.549463278
0.781624961,-0.351470711
0.628550299,0.177203005
0.481889277,-0.716308257
-0.857844198,-0.384833825
-0.183615523,-0.600315463
0.562720771,-0.313301566
0.703349638,-0.482329744
0.178063282,-0.792412355
-0.014469057,-0.770060515
-0.104760173,0.65667303
-0.681735078,-0.077523972
0.696600364,-0.440352637
-0.267822116,-0.273058514
-0.158718544,-0.710116591
0.685367334,0.398267936
1.034200751,0.303481985
0.560161187,0.814881663
-0.567034968,-0.238804892
-0.900688009,0.47817782
-0.660820695,-0.313491113
0.016127503,-0.343273194
-0.297057603,0.671797268
0.019685221,-0.182197262
-0.501654284,0.695579524
0.674288725,0.695507161
0.636685446,-0.550268938
-0.631440981,0.4232063
0.941117079,0.357285983
0.284771615,0.292909979
0.235946521,0.15737122
-0.693752741,0.332736514
0.434809688,0.426461649
-0.783039248,0.512571438
0.356789795,-0.351374749
0.137911775,0.654727186
0.552013097,-0.232389714
0.491913238,-0.635556787
0.220411215,-0.240794334
-0.340447409,0.26609807
0.312474749,0.577479941
0.416603411,0.896283638
-0.324039049,0.703917674
-0.429825257,0.177788364
-0.616700695,0.790629658
-0.123832808,0.945013738
-0.231101102,0.895731664
-0.157078023,-0.121017132
-0.111609347,0.568253845
-0.825139899,-0.166191187
0.259298675,0.263517
0.263100437,0.539696983
-0.45406113,0.320721941
0.678016086,-0.558371011
-0.296970916,0.156892729
0.681133355,0.810394857
0.335467104,0.29557529
0.235522482,-0.118811778
-0.740303684,0.501716134
0.755615916,-0.055789029
0.358215994,-0.555141012
-0.470740397,-0.043721501
-0.110547368,0.344939614
0.451155315,0.682918216
-0.393739568,0.373176307
-0.849301573,0.412092366
0.660859283,0.530416574
1.032419788,0.111482369
-0.052188798,-0.459011337
-0.761776646,0.160720926
0.309294167,0.262297185
0.221905989,0.466506419
0.126649006,0.952784507
0.730551647,0.349835547
-0.190546974,-0.236216115
-0.53953992,-0.01344957
0.028099073,-0.533838295
-0.338766602,0.313647092
-0.624990878,0.717043097
-0.261751869,0.649595802
-0.001400675,0.78035726
0.012035554,0.098821439
0.318942896,-0.625246829
-0.482351353,-0.216714914
-0.446992958,-0.23944981
-0.588962417,0.244243197
0.427230134,0.648915527
0.055740104,-0.417314272
0.530504373,0.788357443
-0.694037541,-0.123161508
-0.082602953,-0.730600015
-0.466222793,-0.32592164
0.729969549,0.394969454
-0.673351373,-0.354005182
0.575843057,-0.648123056
0.314442118,0.136105657
-0.32185198,-0.508246599
0.399399296,0.055409071
0.027130109,0.559901383
0.638663506,0.568936596
-0.129987564,0.773984423
-0.442029814,0.283218301
-0.333718519,0.941758533
-0.264514742,0.60741446
-0.805950225,-0.583859064
-0.20907583,-0.752338048
-0.776887959,-0.311887893
-0.81064106,0.23600473
0.842557784,0.459535914
0.479879195,-0.089543428