-0.498875361,-0.005014358
-0.518025044,-0.012058698
-0.535504845,-0.018983303
-0.551441462,-0.02574004
-0.575591944,-0.036864161
-0.583894408,-0.040956987
-0.599593932,-0.049109853
-0.610142124,-0.054915839
-0.63071799,-0.067094769
-0.647801083,-0.078190714
-0.66081186,-0.087348488
-0.679682929,-0.101947818
-0.687773408,-0.108780294
-0.701662705,-0.121512921
-0.7129269,-0.133002556
-0.726043827,-0.148182994
-0.739513876,-0.166850669
-0.745738383,-0.177193081
-0.753912247,-0.193843698
-0.758151099,-0.205150061
-0.763224808,-0.226874153
-0.764115009,-0.24679224
-0.761945047,-0.262903694
-0.753815329,-0.285678808
-0.748439343,-0.29510215
-0.737552132,-0.309433969
-0.728109111,-0.319027351
-0.710925216,-0.332682776
-0.69073637,-0.344860775
-0.679154944,-0.350573565
-0.663067165,-0.357365712
-0.65392751,-0.360736386
-0.629006708,-0.36850119
-0.610010702,-0.373301167
-0.593921781,-0.376780468
-0.576396261,-0.380089325
-0.567646468,-0.381591762
-0.540822407,-0.385776748
-0.525524482,-0.388019944
-0.505851774,-0.390968898
-0.483505549,-0.394782179
-0.470046539,-0.397581398
-0.45369465,-0.40187786
-0.442106745,-0.405838426
-0.421000647,-0.416418584
-0.406329562,-0.428380821
-0.396225115,-0.440766073
-0.387531897,-0.456133469
-0.383789005,-0.464766463
-0.375515861,-0.490042605
-0.37177566,-0.504788342
-0.367504415,-0.52391775
-0.363161208,-0.544726587
-0.36009682,-0.55936034
-0.356303043,-0.576658661
-0.353327313,-0.58931845
-0.347459695,-0.6117178
-0.341393796,-0.631561093
-0.336402414,-0.64575042
-0.329789049,-0.662110443
-0.325563658,-0.671339939
-0.312989386,-0.694331272
-0.304286011,-0.707107424
-0.291371019,-0.7224117
-0.276287409,-0.735865801
-0.26340612,-0.7442879
-0.240889131,-0.753439253
-0.230025582,-0.755657592
-0.211846745,-0.756538805
-0.200780476,-0.755458231
-0.178063823,-0.749646223
-0.163776584,-0.74360376
-0.145743702,-0.733389895
-0.129585185,-0.721766327
-0.11801655,-0.711973414
-0.09919545,-0.693296522
-0.092498792,-0.685789351
-0.081590619,-0.672530781
-0.07246225,-0.66039856
-0.06067094,-0.643216882
-0.049185167,-0.62468495
-0.042044255,-0.612176109
-0.033795578,-0.596683438
-0.029063408,-0.587245282
-0.01839851,-0.564325
-0.011748591,-0.548728109
-0.004663087,-0.530826895
0.003148424,-0.509299936
0.007261161,-0.49708498
0.012629566,-0.480067287
0.016390957,-0.467311298
0.022234551,-0.445866424
0.026084774,-0.430436149
0.030706941,-0.410202947
0.034649515,-0.391088078
0.037544076,-0.375662481
0.040434004,-0.358758089
0.041982874,-0.348933723
0.045819869,-0.321545159
0.046999056,-0.312005516
0.049660132,-0.28781379
0.051112413,-0.272702976
0.053071492,-0.250105141
0.054752117,-0.230198122
0.056243056,-0.21503107
0.059575739,-0.195056528
0.067183611,-0.183367879
0.081957125,-0.188247559
0.10159933,-0.203834229
0.110189253,-0.211172067
0.123977658,-0.222810856
0.135958382,-0.232539521
0.152534931,-0.245175043
0.172281013,-0.258751942
0.182318244,-0.264971448
0.198068116,-0.273714876
0.207132169,-0.278138465
0.230934276,-0.287328774
0.24394869,-0.290590689
0.266370221,-0.292180016
0.283495552,-0.287862334
0.296856754,-0.276531883
0.303580745,-0.256926463
0.303448662,-0.242553131
0.297882404,-0.218390801
0.293879958,-0.207793259
0.286272948,-0.191574222
0.279914027,-0.180069048
0.267516947,-0.160559798
0.256512907,-0.145241122
0.24582387,-0.131502
0.231642298,-0.114345516
0.223018642,-0.10417449
0.207126084,-0.084307868
0.201514787,-0.074557324
0.204586235,-0.061195551
0.221651383,-0.054818653
0.23021749,-0.053086353
0.257940819,-0.048851011
0.26902236,-0.047330478
0.291297663,-0.044225516
0.308270051,-0.041708333
0.327832221,-0.038566723
0.348233996,-0.034963973
0.36208829,-0.032306938
0.380252195,-0.028546014
0.389994418,-0.02639281
0.41523086,-0.020348679
0.426243532,-0.017490589
0.449440997,-0.011005981
0.465231481,-0.006213481
0.484276237,0
0.504956726,0.007318616
0.517726366,0.012154597
0.53430692,0.018820107
0.546201103,0.02388739
0.566857708,0.033302243
0.581948365,0.040717618
0.599236786,0.04983357
0.621223386,0.062513777
0.630012546,0.067968931
0.644530203,0.077533063
0.659378724,0.088130199
0.673849302,0.099402606
0.692571858,0.115734741
0.700287292,0.123191141
0.711852752,0.13540625
0.721107394,0.146337436
0.734540766,0.164922358
0.743504419,0.180297908
0.750280737,0.195050481
0.757062982,0.217325806
0.759065968,0.230749295
0.758176692,0.256353979
0.756226871,0.265475559
0.750099807,0.282248449
0.744069935,0.293251347
0.730142463,0.311195336
0.718740125,0.322031712
0.702151041,0.334424197
0.685576754,0.344223946
0.671369899,0.351188949
0.648595152,0.36033868
0.637565771,0.364070909
0.620481141,0.369140201
0.608101707,0.37236043
0.585732172,0.37741364
0.565467303,0.38134744
0.550140492,0.384048701
0.532950022,0.386928483
0.521763849,0.38878702
0.497001386,0.393154827
0.478589602,0.397000422
0.462586137,0.4011711
0.445634089,0.407033072
0.437199668,0.410801683
0.415697566,0.424856083
0.403958051,0.437237371
0.394353243,0.452023943
0.384379752,0.475029875
0.381103316,0.485066554
0.376412904,0.502027814
0.373166667,0.515496976
0.368376935,0.537172024
0.362957555,0.56222082
0.36068359,0.572331809
0.356508256,0.589807284
0.352709126,0.604331653
0.346867849,0.624162504
0.339951696,0.644217014
0.334413041,0.658060801
0.323314317,0.681153252
0.318492993,0.68961575
0.308399604,0.704874014
0.302000277,0.713079813
0.284426859,0.730900356
0.274648188,0.738322752
0.253861008,0.749306647
0.237759827,0.753992893
0.21958497,0.755820595
0.199462899,0.753983014
0.183685192,0.749900113
0.162937768,0.741147453
0.152734965,0.735454042
0.131278088,0.720473087
0.122901919,0.713495914
0.110586298,0.702044151
0.09940509,0.690369017
0.086624959,0.675449745
0.072918678,0.65744314
0.065140087,0.646225052
0.055719915,0.631586616
0.049981562,0.622062593
0.03790974,0.600374707
0.030015307,0.584848069
0.021981337,0.567807214
0.012586712,0.546064508
0.008162338,0.535051846
0.00183191,0.518307626
-0.00304631,0.504510182
-0.009684718,0.484274695
-0.014689888,0.467708601
-0.019773449,0.449493584
-0.025243819,0.427974354
-0.028243391,0.415140931
-0.03191681,0.398194098
-0.034188694,0.386903518
-0.038797805,0.361571185
-0.041687259,0.343532774
-0.044041131,0.327175482
-0.046863095,0.30493318
-0.048486494,0.290451603
-0.050285044,0.272637962
-0.051221369,0.262595195
-0.053450476,0.237470458
-0.054669092,0.224512764
-0.05740841,0.203378479
-0.063436125,0.1866443
-0.084222028,0.191340046
-0.092666932,0.197988956
-0.107004209,0.210224549
-0.116026174,0.217997496
-0.134787946,0.233626039
-0.151249445,0.24638528
-0.163128573,0.254920422
-0.178273662,0.26489718
-0.190616503,0.272217151
-0.20979371,0.281996384
-0.233761699,0.291049039
-0.244173717,0.293651898
-0.26150916,0.295649798
-0.276574309,0.294057191
-0.294205253,0.284486019
-0.304132236,0.26470803
-0.305071646,0.252057524
-0.302560692,0.233738053
-0.299276568,0.222214759
-0.290019155,0.199853925
-0.278921479,0.179614915
-0.272336232,0.169197473
-0.261937021,0.154230312
-0.251241835,0.140161398
-0.239828473,0.126162765
-0.22767329,0.111991623
-0.22116207,0.104552815
-0.204200295,0.084422282
-0.196026596,0.070344982
-0.205126611,0.057050564
-0.221643342,0.05279973
-0.246403008,0.049083499
-0.255831598,0.047866152
-0.275514397,0.045351943
-0.28836178,0.04365179
-0.309189853,0.040701221
-0.331285378,0.03723163
-0.346024031,0.034692783
-0.363364777,0.031454807
-0.375704263,0.028976274
-0.397497911,0.024225026
-0.415724148,0.019866541
-0.433215121,0.015336537
-0.456459228,0.00876078
-0.467239436,0.005484907
-0.48417801,3.27E-05
-0.758127544,-0.238970743
-0.746455456,-0.256464706
-0.752163634,-0.197328564
-0.740491547,-0.214822527
-0.747827863,-0.277857312
-0.736155776,-0.295351274
-0.733526411,-0.159029172
-0.721854323,-0.176523135
-0.749331427,-0.234735096
-0.736107267,-0.251087404
-0.729980999,-0.241717804
-0.723993533,-0.233896307
-0.712321446,-0.25139027
-0.722121645,-0.311205854
-0.710449558,-0.328699817
-0.735393255,-0.19699154
-0.722169095,-0.213343847
-0.716042826,-0.203974248
-0.710055361,-0.196152751
-0.698383274,-0.213646713
-0.732962043,-0.269437135
-0.719737884,-0.285789443
-0.713611615,-0.276419843
-0.70762415,-0.268598346
-0.695952062,-0.286092309
-0.719053168,-0.142372156
-0.695267347,-0.142675022
-0.714944249,-0.163586491
-0.70172009,-0.179938799
-0.695593821,-0.170569199
-0.689606356,-0.162747702
-0.677934268,-0.180241665
-0.684748904,-0.337039278
-0.709061347,-0.300427408
-0.695837187,-0.316779716
-0.689710918,-0.307410116
-0.683723453,-0.299588619
-0.672051366,-0.317082582
-0.70905857,-0.2317569
-0.69583441,-0.248109208
-0.689708141,-0.238739608
-0.683720676,-0.230918111
-0.672048589,-0.248412074
-0.685809198,-0.111317418
-0.662023376,-0.111620284
-0.69157831,-0.13079138
-0.678354151,-0.147143688
-0.672227882,-0.137774088
-0.666240417,-0.129952591
-0.654568329,-0.147446554
-0.690169772,-0.195704626
-0.676945612,-0.212056933
-0.670819343,-0.202687333
-0.664831878,-0.194865836
-0.653159791,-0.212359799
-0.688273821,-0.266335089
-0.675049662,-0.282687397
-0.668923393,-0.273317797
-0.662935928,-0.2654963
-0.65126384,-0.282990263
-0.647940045,-0.35291489
-0.671090517,-0.307098492
-0.657866358,-0.3234508
-0.651740089,-0.3140812
-0.645752624,-0.306259703
-0.634080536,-0.323753666
-0.66859391,-0.160243511
-0.65536975,-0.176595818
-0.649243482,-0.167226218
-0.643256016,-0.159404721
-0.631583929,-0.176898684
-0.653927351,-0.087560313
-0.63014153,-0.087863179
-0.666272347,-0.23026287
-0.653048188,-0.246615177
-0.646921919,-0.237245578
-0.640934454,-0.229424081
-0.629262367,-0.246918044
-0.654835441,-0.116264239
-0.641611282,-0.132616546
-0.635485013,-0.123246947
-0.629497548,-0.11542545
-0.61782546,-0.132919412
-0.647586768,-0.26833441
-0.634362609,-0.284686718
-0.62823634,-0.275317118
-0.622248875,-0.267495621
-0.610576787,-0.284989584
-0.646089001,-0.193773073
-0.632864842,-0.21012538
-0.626738573,-0.200755781
-0.620751108,-0.192934284
-0.60907902,-0.210428247
-0.642069467,-0.330531402
-0.628845307,-0.346883709
-0.622719039,-0.337514109
-0.616731573,-0.329692612
-0.605059486,-0.347186575
-0.616268392,-0.064285439
-0.592482571,-0.064588305
-0.629381392,-0.086171305
-0.616157232,-0.102523612
-0.610030964,-0.093154012
-0.604043498,-0.085332515
-0.592371411,-0.102826478
-0.62936113,-0.36631846
-0.604023237,-0.36547967
-0.62878526,-0.153308081
-0.615561101,-0.169660388
-0.609434832,-0.160290788
-0.603447367,-0.152469291
-0.591775279,-0.169963254
-0.624822661,-0.230565195
-0.611598502,-0.246917503
-0.605472233,-0.237547903
-0.599484768,-0.229726406
-0.58781268,-0.247220369
-0.62345975,-0.298359807
-0.61023559,-0.314712115
-0.604109322,-0.305342515
-0.598121856,-0.297521018
-0.586449769,-0.315014981
-0.608136503,-0.118684204
-0.594912344,-0.135036511
-0.588786075,-0.125666911
-0.58279861,-0.117845415
-0.571126522,-0.135339377
-0.605439664,-0.191551559
-0.592215505,-0.207903867
-0.586089236,-0.198534267
-0.580101771,-0.19071277
-0.568429683,-0.208206733
-0.602378618,-0.264529295
-0.589154458,-0.280881602
-0.58302819,-0.271512002
-0.577040724,-0.263690505
-0.565368637,-0.281184468
-0.60054198,-0.335564244
-0.587317821,-0.351916552
-0.581191552,-0.342546952
-0.575204087,-0.334725455
-0.563531999,-0.352219418
-0.581718212,-0.046233761
-0.557932391,-0.046536627
-0.590222299,-0.077021964
-0.576998139,-0.093374271
-0.570871871,-0.084004671
-0.564884405,-0.076183174
-0.553212318,-0.093677137
-0.586996896,-0.374609054
-0.561659002,-0.373770265
-0.585613952,-0.155215963
-0.572389792,-0.17156827
-0.566263524,-0.16219867
-0.560276058,-0.154377174
-0.548603971,-0.171871136
-0.582271205,-0.228454079
-0.569047046,-0.244806387
-0.562920777,-0.235436787
-0.556933312,-0.22761529
-0.545261224,-0.245109253
-0.580151279,-0.301543135
-0.56692712,-0.317895443
-0.560800851,-0.308525843
-0.554813386,-0.300704346
-0.543141298,-0.318198309
-0.567075658,-0.11666813
-0.553851499,-0.133020437
-0.54772523,-0.123650837
-0.541737765,-0.11582934
-0.530065677,-0.133323303
-0.562723591,-0.192657005
-0.549499431,-0.209009313
-0.543373163,-0.199639713
-0.537385697,-0.191818216
-0.52571361,-0.209312179
-0.561020831,-0.0505335
-0.547796671,-0.066885808
-0.541670403,-0.057516208
-0.535682938,-0.049694711
-0.52401085,-0.067188674
-0.560028569,-0.341435834
-0.546804409,-0.357788141
-0.540678141,-0.348418541
-0.534690675,-0.340597044
-0.523018588,-0.358091007
-0.559868263,-0.266716287
-0.546644103,-0.283068595
-0.540517835,-0.273698995
-0.534530369,-0.265877498
-0.522858282,-0.283371461
-0.541631114,-0.028352902
-0.517845293,-0.028655769
-0.54487491,-0.381037237
-0.519537016,-0.380198447
-0.543964132,-0.155771832
-0.530739972,-0.172124139
-0.524613703,-0.162754539
-0.518626238,-0.154933043
-0.506954151,-0.172427005
-0.543530455,-0.084523508
-0.530306296,-0.100875815
-0.524180027,-0.091506215
-0.518192562,-0.083684719
-0.506520475,-0.101178681
-0.540196801,-0.231449757
-0.526972641,-0.247802065
-0.520846372,-0.238432465
-0.514858907,-0.230610968
-0.50318682,-0.248104931
-0.538723705,-0.306723021
-0.525499546,-0.323075328
-0.519373277,-0.313705728
-0.513385812,-0.305884232
-0.501713724,-0.323378194
-0.52297045,-0.121431836
-0.50974629,-0.137784143
-0.503620022,-0.128414543
-0.497632556,-0.120593046
-0.485960469,-0.138087009
-0.521249938,-0.195222434
-0.508025778,-0.211574742
-0.50189951,-0.202205142
-0.495912044,-0.194383645
-0.484239957,-0.211877608
-0.520986764,-0.044969986
-0.507762604,-0.061322294
-0.501636335,-0.051952694
-0.49564887,-0.044131197
-0.483976783,-0.06162516
-0.519116396,-0.347416391
-0.505892237,-0.363768698
-0.499765968,-0.354399098
-0.493778503,-0.346577601
-0.482106415,-0.364071564
-0.518553434,-0.271743528
-0.505329274,-0.288095836
-0.499203006,-0.278726236
-0.49321554,-0.270904739
-0.481543453,-0.288398702
-0.50500163,-0.014383957
-0.481215808,-0.014686824
-0.502855977,-0.387799471
-0.483505549,-0.394782179
-0.477518083,-0.386960682
-0.501663048,-0.084671928
-0.488438889,-0.101024236
-0.48231262,-0.091654636
-0.476325155,-0.083833139
-0.464653067,-0.101327102
-0.501406697,-0.159835816
-0.488182537,-0.176188123
-0.482056269,-0.166818523
-0.476068803,-0.158997027
-0.464396716,-0.176490989
-0.499326432,-0.235559387
-0.486102272,-0.251911694
-0.479976004,-0.242542094
-0.473988538,-0.234720598
-0.462316451,-0.25221456
-0.497702689,-0.312953066
-0.484478529,-0.329305374
-0.478352261,-0.319935774
-0.472364795,-0.312114277
-0.460692708,-0.32960824
-0.488692975,-0.021734574
-0.475468815,-0.038086881
-0.469342546,-0.028717282
-0.463355081,-0.020895785
-0.451682994,-0.038389747
-0.480840765,-0.123691267
-0.467616606,-0.140043574
-0.461490337,-0.130673974
-0.455502872,-0.122852478
-0.443830784,-0.14034644
-0.479858296,-0.199618757
-0.466634136,-0.215971064
-0.460507867,-0.206601465
-0.454520402,-0.198779968
-0.442848315,-0.21627393
-0.478083922,-0.276161577
-0.464859762,-0.292513884
-0.458733494,-0.283144285
-0.452746028,-0.275322788
-0.441073941,-0.29281675
-0.478038086,-0.35513242
-0.464813927,-0.371484728
-0.458687658,-0.362115128
-0.452700193,-0.354293631
-0.441028105,-0.371787594
-0.462585497,-0.000608819
-0.438799675,-0.000911685
-0.474611649,-0.054651606
-0.461387489,-0.071003914
-0.455261221,-0.061634314
-0.449273755,-0.053812817
-0.437601668,-0.07130678
-0.461457173,-0.398855719
-0.442106745,-0.405838426
-0.43611928,-0.398016929
-0.459951266,-0.16369196
-0.446727106,-0.180044268
-0.440600838,-0.170674668
-0.434613372,-0.162853171
-0.422941285,-0.180347134
-0.458341406,-0.239424149
-0.445117247,-0.255776457
-0.438990978,-0.246406857
-0.433003513,-0.23858536
-0.421331425,-0.256079323
-0.457742832,-0.316745139
-0.444518673,-0.333097447
-0.438392404,-0.323727847
-0.432404939,-0.31590635
-0.420732851,-0.333400313
-0.457160014,-0.089942462
-0.443935854,-0.106294769
-0.437809585,-0.096925169
-0.43182212,-0.089103673
-0.420150033,-0.106597635
-0.448057062,-0.015074021
-0.434832903,-0.031426328
-0.428706634,-0.022056728
-0.422719169,-0.014235231
-0.411047081,-0.031729194
-0.439001228,-0.356783656
-0.425777068,-0.373135964
-0.4196508,-0.363766364
-0.413663334,-0.355944867
-0.401991247,-0.37343883
-0.438570988,-0.129076703
-0.425346829,-0.145429011
-0.41922056,-0.136059411
-0.413233095,-0.128237914
-0.401561007,-0.145731877
-0.438373084,-0.202998477
-0.425148925,-0.219350784
-0.419022656,-0.209981185
-0.413035191,-0.202159688
-0.401363103,-0.21965365
-0.437292745,-0.278830181
-0.424068585,-0.295182489
-0.417942317,-0.285812889
-0.411954851,-0.277991392
-0.400282764,-0.295485355
-0.421850417,0.010496941
-0.398064595,0.010194075
-0.433413396,-0.0510221
-0.420189237,-0.067374407
-0.414062968,-0.058004808
-0.408075503,-0.050183311
-0.396403416,-0.067677273
-0.406329562,-0.428380821
-0.400342096,-0.420559325
-0.388670009,-0.438053287
-0.417633985,-0.167464806
-0.404409826,-0.183817114
-0.398283557,-0.174447514
-0.392296092,-0.166626017
-0.380624004,-0.18411998
-0.417111153,-0.092990875
-0.403886994,-0.109343183
-0.397760725,-0.099973583
-0.39177326,-0.092152086
-0.380101173,-0.109646049
-0.416976043,-0.317329321
-0.403751883,-0.333681629
-0.397625615,-0.324312029
-0.391638149,-0.316490532
-0.379966062,-0.333984495
-0.41681456,-0.241632114
-0.4035904,-0.257984421
-0.397464132,-0.248614821
-0.391476666,-0.240793324
-0.379804579,-0.258287287
-0.414498155,-0.386731074
-0.401273996,-0.403083382
-0.395147727,-0.393713782
-0.389160262,-0.385892285
-0.377488174,-0.403386248
-0.408877322,-0.008955085
-0.395653163,-0.025307392
-0.389526894,-0.015937792
-0.383539429,-0.008116295
-0.371867342,-0.025610258
-0.383789005,-0.464766463
-0.37780154,-0.456944966
-0.366129453,-0.474438929
-0.396789444,-0.057039396
-0.383565284,-0.073391704
-0.377439016,-0.064022104
-0.371451551,-0.056200607
-0.359779463,-0.07369457
-0.396625231,-0.13170216
-0.383401071,-0.148054467
-0.377274802,-0.138684867
-0.371287337,-0.130863371
-0.35961525,-0.148357333
-0.396050311,-0.205273979
-0.382826151,-0.221626287
-0.376699882,-0.212256687
-0.370712417,-0.20443519
-0.35904033,-0.221929153
-0.395538378,-0.279404358
-0.382314218,-0.295756666
-0.37618795,-0.286387066
-0.370200484,-0.278565569
-0.358528397,-0.296059532
-0.381830532,0.019606674
-0.358044711,0.019303808
-0.394172245,-0.351002119
-0.380948085,-0.367354426
-0.374821817,-0.357984827
-0.368834351,-0.35016333
-0.357162264,-0.367657293
-0.37177566,-0.504788342
-0.365788195,-0.496966845
-0.354116107,-0.514460808
-0.384888863,-0.421967509
-0.371664704,-0.438319817
-0.365538435,-0.428950217
-0.35955097,-0.42112872
-0.347878882,-0.438622683
-0.357173743,-0.53690509
-0.345501656,-0.554399053
-0.375702916,-0.096089557
-0.362478756,-0.112441865
-0.356352488,-0.103072265
-0.350365022,-0.095250768
-0.338692935,-0.112744731
-0.375091595,-0.169168952
-0.361867436,-0.185521259
-0.355741167,-0.176151659
-0.349753702,-0.168330163
-0.338081614,-0.185824125
-0.374813665,-0.027972002
-0.361589506,-0.04432431
-0.355463237,-0.03495471
-0.349475772,-0.027133213
-0.337803684,-0.044627176
-0.374360108,-0.242479975
-0.361135948,-0.258832283
-0.355009679,-0.249462683
-0.349022214,-0.241641186
-0.337350127,-0.259135149
-0.373174092,-0.314695568
-0.359949932,-0.331047876
-0.353823664,-0.321678276
-0.347836198,-0.313856779
-0.336164111,-0.331350742
-0.347339848,-0.581496954
-0.335667761,-0.598990916
-0.370129376,-0.385698096
-0.356905216,-0.402050404
-0.350778948,-0.392680804
-0.344791482,-0.384859307
-0.333119395,-0.40235327
-0.365887386,0.008292241
-0.352663226,-0.008060067
-0.346536958,0.001309533
-0.340549492,0.00913103
-0.328877405,-0.008362933
-0.364427116,-0.462772857
-0.351202957,-0.479125164
-0.345076688,-0.469755564
-0.339089223,-0.461934067
-0.327417135,-0.47942803
-0.33540633,-0.623739597
-0.323734243,-0.641233559
-0.354025823,-0.133251592
-0.340801663,-0.149603899
-0.334675394,-0.1402343
-0.328687929,-0.132412803
-0.317015842,-0.149906765
-0.353255137,-0.206023471
-0.340030977,-0.222375779
-0.333904708,-0.213006179
-0.327917243,-0.205184682
-0.316245156,-0.222678645
-0.353202065,-0.063033223
-0.339977906,-0.07938553
-0.333851637,-0.07001593
-0.327864172,-0.062194433
-0.316192084,-0.079688396
-0.352080137,-0.278398182
-0.338855978,-0.294750489
-0.332729709,-0.285380889
-0.326742244,-0.277559392
-0.315070156,-0.295053355
-0.337411646,0.02786203
-0.313625825,0.027559164
-0.350086049,-0.349946653
-0.33686189,-0.366298961
-0.330735621,-0.356929361
-0.324748156,-0.349107864
-0.313076068,-0.366601827
-0.35005817,-0.503010314
-0.33683401,-0.519362621
-0.330707742,-0.509993021
-0.324720277,-0.502171524
-0.313048189,-0.519665487
-0.346662314,-0.551236165
-0.333438154,-0.567588473
-0.327311886,-0.558218873
-0.32132442,-0.550397376
-0.309652333,-0.567891339
-0.3453713,-0.423747017
-0.332147141,-0.440099324
-0.326020872,-0.430729724
-0.320033407,-0.422908227
-0.308361319,-0.44040219
-0.319576193,-0.663518443
-0.307904106,-0.681012405
-0.334851949,-0.024781593
-0.32162779,-0.0411339
-0.315501521,-0.031764301
-0.309514056,-0.023942804
-0.297841968,-0.041436766
-0.33244868,-0.593010912
-0.31922452,-0.609363219
-0.313098252,-0.599993619
-0.307110786,-0.592172122
-0.295438699,-0.609666085
-0.332149876,-0.16978278
-0.318925717,-0.186135088
-0.312799448,-0.176765488
-0.306811983,-0.168943991
-0.295139896,-0.186437954
-0.332075861,-0.098279847
-0.318851701,-0.114632154
-0.312725432,-0.105262554
-0.306737967,-0.097441057
-0.29506588,-0.11493502
-0.331042343,-0.242176144
-0.317818183,-0.258528452
-0.311691915,-0.249158852
-0.305704449,-0.241337355
-0.294032362,-0.258831318
-0.329369395,-0.314050151
-0.316145235,-0.330402458
-0.310018966,-0.321032858
-0.304031501,-0.313211362
-0.292359414,-0.330705324
-0.327275311,-0.386458744
-0.314051151,-0.402811052
-0.307924883,-0.393441452
-0.301937417,-0.385619955
-0.29026533,-0.403113918
-0.325809004,-0.462088933
-0.312584844,-0.47844124
-0.306458576,-0.46907164
-0.30047111,-0.461250144
-0.288799023,-0.478744106
-0.298298546,-0.699285928
-0.286626459,-0.71677989
-0.29814477,0.272529526
-0.286472683,0.255035564
-0.322056927,0.012578483
-0.308832768,-0.003773824
-0.302706499,0.005595776
-0.296719034,0.013417273
-0.285046946,-0.00407669
-0.319157219,-0.526082549
-0.305933059,-0.542434856
-0.299806791,-0.533065256
-0.293819325,-0.525243759
-0.282147238,-0.542737722
-0.293289103,0.230036256
-0.281617016,0.212542293
-0.317402939,-0.631833307
-0.304178779,-0.648185614
-0.29805251,-0.638816014
-0.292065045,-0.630994518
-0.280392958,-0.64848848
-0.311787829,-0.060416907
-0.298563669,-0.076769215
-0.292437401,-0.067399615
-0.286449935,-0.059578118
-0.274777848,-0.077072081
-0.310676821,-0.133820033
-0.297452662,-0.150172341
-0.291326393,-0.140802741
-0.285338928,-0.132981244
-0.27366684,-0.150475207
-0.310018315,-0.205969943
-0.296794155,-0.222322251
-0.290667887,-0.212952651
-0.284680421,-0.205131154
-0.273008334,-0.222625117
-0.308477415,-0.278099017
-0.295253255,-0.294451325
-0.289126986,-0.285081725
-0.283139521,-0.277260228
-0.271467434,-0.294754191
-0.294488049,0.03428219
-0.270702227,0.033979324
-0.306745781,-0.350185299
-0.293521622,-0.366537606
-0.287395353,-0.357168006
-0.281407888,-0.34934651
-0.2697358,-0.366840472
-0.304387142,-0.423413085
-0.291162982,-0.439765392
-0.285036714,-0.430395792
-0.279049248,-0.422574296
-0.267377161,-0.440068258
-0.304156438,-0.563571875
-0.290932278,-0.579924183
-0.28480601,-0.570554583
-0.278818544,-0.562733086
-0.267146457,-0.580227049
-0.303143146,-0.492356414
-0.289918987,-0.508708721
-0.283792718,-0.499339121
-0.277805253,-0.491517624
-0.266133165,-0.509011587
-0.298826395,-0.667798231
-0.285602235,-0.684150539
-0.279475966,-0.674780939
-0.273488501,-0.666959442
-0.261816414,-0.684453405
-0.272934014,0.187436412
-0.261261927,0.169942449
-0.282700577,0.284687591
-0.258914756,0.284384725
-0.270299944,-0.728044304
-0.258627857,-0.745538267
-0.2940721,-0.021627822
-0.280847941,-0.037980129
-0.274721672,-0.02861053
-0.268734207,-0.020789033
-0.25706212,-0.038282995
-0.290006705,-0.096140723
-0.276782546,-0.11249303
-0.270656277,-0.10312343
-0.264668812,-0.095301933
-0.252996724,-0.112795896
-0.288946688,-0.169717334
-0.275722529,-0.186069642
-0.26959626,-0.176700042
-0.263608795,-0.168878545
-0.251936708,-0.186372508
-0.28878576,-0.600466836
-0.275561601,-0.616819144
-0.269435332,-0.607449544
-0.263447867,-0.599628047
-0.251775779,-0.61712201
-0.287637293,-0.242056234
-0.274413134,-0.258408541
-0.268286865,-0.249038941
-0.2622994,-0.241217444
-0.250627312,-0.258711407
-0.285846948,-0.314161335
-0.272622788,-0.330513642
-0.26649652,-0.321144042
-0.260509054,-0.313322545
-0.248836967,-0.330816508
-0.284238412,-0.386418866
-0.271014252,-0.402771173
-0.264887983,-0.393401573
-0.258900518,-0.385580076
-0.247228431,-0.403074039
-0.284214245,0.262528134
-0.270990086,0.246175827
-0.264863817,0.255545427
-0.258876352,0.263366924
-0.247204265,0.245872961
-0.281668027,-0.4572556
-0.268443868,-0.473607908
-0.262317599,-0.464238308
-0.256330134,-0.456416811
-0.244658047,-0.473910774
-0.280145112,0.224156739
-0.266920952,0.207804431
-0.260794683,0.217174031
-0.254807218,0.224995528
-0.243135131,0.207501565
-0.279723345,0.01708333
-0.266499185,0.000731022
-0.260372917,0.010100622
-0.254385451,0.017922119
-0.242713364,0.000428156
-0.27858184,-0.528794258
-0.265357681,-0.545146566
-0.259231412,-0.535776966
-0.253243947,-0.527955469
-0.241571859,-0.545449432
-0.275198489,-0.700781149
-0.261974329,-0.717133457
-0.25584806,-0.707763857
-0.249860595,-0.69994236
-0.238188508,-0.717436323
-0.271816287,-0.635938983
-0.258592127,-0.65229129
-0.252465859,-0.64292169
-0.246478393,-0.635100194
-0.234806306,-0.652594156
-0.270637592,-0.057251674
-0.257413432,-0.073603982
-0.251287164,-0.064234382
-0.245299698,-0.056412885
-0.233627611,-0.073906848
-0.245254369,0.147982895
-0.233582282,0.130488932
-0.268402209,-0.132370236
-0.255178049,-0.148722544
-0.249051781,-0.139352944
-0.243064315,-0.131531447
-0.231392228,-0.14902541
-0.266791367,-0.205829797
-0.253567207,-0.222182105
-0.247440939,-0.212812505
-0.241453473,-0.204991008
-0.229781386,-0.222484971
-0.252529277,0.039713899
-0.246403008,0.049083499
-0.228743456,0.039411033
-0.264998222,-0.278216629
-0.251774063,-0.294568936
-0.245647794,-0.285199336
-0.239660329,-0.27737784
-0.227988241,-0.294871802
-0.263332317,-0.350238956
-0.250108157,-0.366591263
-0.243981889,-0.357221663
-0.237994423,-0.349400167
-0.226322336,-0.366894129
-0.261835449,-0.566145498
-0.248611289,-0.582497806
-0.242485021,-0.573128206
-0.236497555,-0.565306709
-0.224825468,-0.582800672
-0.260756483,-0.421408107
-0.247532324,-0.437760414
-0.241406055,-0.428390814
-0.23541859,-0.420569318
-0.223746502,-0.43806328
-0.234901665,-0.745617756
-0.259656268,-0.493253549
-0.246432108,-0.509605856
-0.240305839,-0.500236256
-0.234318374,-0.49241476
-0.222646287,-0.509908722
-0.258250689,0.185686791
-0.24502653,0.169334484
-0.238900261,0.178704084
-0.232912796,0.18652558
-0.221240708,0.169031618
-0.253213123,-0.017505778
-0.239988964,-0.033858085
-0.233862695,-0.024488485
-0.22787523,-0.016666989
-0.216203142,-0.034160951
-0.239887967,0.28167944
-0.216102146,0.281376574
-0.251705027,-0.669824054
-0.238480867,-0.686176361
-0.232354599,-0.676806761
-0.226367134,-0.668985264
-0.214695046,-0.686479227
-0.248693051,-0.094011777
-0.235468892,-0.110364085
-0.229342623,-0.100994485
-0.223355158,-0.093172988
-0.211683071,-0.110666951
-0.246444427,-0.168880153
-0.233220267,-0.18523246
-0.227093999,-0.175862861
-0.221106533,-0.168041364
-0.209434446,-0.185535326
-0.245270088,0.259202302
-0.232045928,0.242849994
-0.22591966,0.252219594
-0.219932194,0.260041091
-0.208260107,0.242547128
-0.244852187,-0.60206493
-0.231628027,-0.618417238
-0.225501759,-0.609047638
-0.219514293,-0.601226141
-0.207842206,-0.618720104
-0.244403103,-0.24212286
-0.231178943,-0.258475167
-0.225052674,-0.249105567
-0.219065209,-0.241284071
-0.207393122,-0.258778033
-0.242263118,-0.314323165
-0.229038959,-0.330675473
-0.22291269,-0.321305873
-0.216925225,-0.313484376
-0.205253137,-0.330978339
-0.242256366,0.221812074
-0.229032207,0.205459766
-0.222905938,0.214829366
-0.216918473,0.222650863
-0.205246385,0.2051569
-0.22116207,0.104552815
-0.215174604,0.112374311
-0.203502517,0.094880349
-0.240305035,-0.385739264
-0.227080875,-0.402091572
-0.220954607,-0.392721972
-0.214967141,-0.384900475
-0.203295054,-0.402394438
-0.238685545,-0.457677615
-0.225461386,-0.474029922
-0.219335117,-0.464660322
-0.213347652,-0.456838826
-0.201675564,-0.474332788
-0.237915253,0.022588619
-0.224691093,0.006236312
-0.218564825,0.015605912
-0.212577359,0.023427408
-0.200905272,0.005933446
-0.237364609,-0.531015654
-0.22414045,-0.547367961
-0.218014181,-0.537998362
-0.212026716,-0.530176865
-0.200354628,-0.547670827
-0.235462189,-0.709991215
-0.22223803,-0.726343522
-0.216111761,-0.716973922
-0.210124296,-0.709152425
-0.198452209,-0.726646388
-0.230492417,0.156336393
-0.217268258,0.139984085
-0.211141989,0.149353685
-0.205154524,0.157175182
-0.193482436,0.139681219
-0.23014618,-0.054899997
-0.21692202,-0.071252304
-0.210795752,-0.061882705
-0.204808286,-0.054061208
-0.193136199,-0.07155517
-0.226756034,-0.131136241
-0.213531875,-0.147488549
-0.207405606,-0.138118949
-0.201418141,-0.130297452
-0.189746053,-0.147791415
-0.22634037,-0.636081998
-0.213116211,-0.652434305
-0.206989942,-0.643064705
-0.201002477,-0.635243208
-0.189330389,-0.652737171
-0.21125288,0.047680964
-0.205126611,0.057050564
-0.199139146,0.064872061
-0.187467059,0.047378098
-0.224029467,-0.205525298
-0.210805307,-0.221877606
-0.204679038,-0.212508006
-0.198691573,-0.204686509
-0.187019486,-0.222180472
-0.221557418,-0.278459714
-0.208333259,-0.294812021
-0.20220699,-0.285442421
-0.196219525,-0.277620925
-0.184547437,-0.295114887
-0.220130904,-0.748475524
-0.19479301,-0.747636734
-0.2195455,-0.350147415
-0.20632134,-0.366499722
-0.200195071,-0.357130122
-0.194207606,-0.349308625
-0.182535519,-0.366802588
-0.218676431,-0.568621633
-0.205452271,-0.58497394
-0.199326003,-0.57560434
-0.193338537,-0.567782843
-0.18166645,-0.585276806
-0.217432179,-0.421895647
-0.204208019,-0.438247954
-0.198081751,-0.428878354
-0.192094285,-0.421056857
-0.180422198,-0.43855082
-0.217288733,-0.495191673
-0.204064573,-0.511543981
-0.197938305,-0.502174381
-0.191950839,-0.494352884
-0.180278752,-0.511846847
-0.21383245,0.194808329
-0.200608291,0.178456022
-0.194482022,0.187825622
-0.188494557,0.195647118
-0.17682247,0.178153156
-0.213140209,-0.015549718
-0.199916049,-0.031902025
-0.19378978,-0.022532425
-0.187802315,-0.014710928
-0.176130228,-0.032204891
-0.209966931,0.279199859
-0.196742771,0.262847552
-0.209701668,-0.671667237
-0.196477508,-0.688019545
-0.19035124,-0.678649945
-0.184363774,-0.670828448
-0.172691687,-0.688322411
-0.207829296,-0.092797749
-0.194605137,-0.109150057
-0.188478868,-0.099780457
-0.182491403,-0.09195896
-0.170819316,-0.109452923
-0.205585756,0.237507399
-0.192361596,0.221155091
-0.186235327,0.230524691
-0.180247862,0.238346188
-0.168575775,0.220852225
-0.204426376,-0.16836681
-0.191202217,-0.184719118
-0.185075948,-0.175349518
-0.179088483,-0.167528021
-0.167416395,-0.185021984
-0.204116696,0.131030932
-0.190892537,0.114678625
-0.184766268,0.124048224
-0.178778803,0.131869721
-0.167106715,0.114375759
-0.201501255,-0.242222871
-0.188277096,-0.258575178
-0.182150827,-0.249205578
-0.176163362,-0.241384081
-0.164491274,-0.258878044
-0.199492764,-0.604931535
-0.186268604,-0.621283842
-0.180142335,-0.611914242
-0.17415487,-0.604092746
-0.162482783,-0.621586708
-0.198457587,-0.314545877
-0.185233428,-0.330898185
-0.179107159,-0.321528585
-0.173119694,-0.313707088
-0.161447606,-0.331201051
-0.198185191,0.023628658
-0.184961031,0.00727635
-0.178834763,0.01664595
-0.172847297,0.024467447
-0.16117521,0.006973484
-0.197360416,0.094909398
-0.184136256,0.078557091
-0.178009988,0.087926691
-0.172022523,0.095748188
-0.160350435,0.078254225
-0.196676296,-0.386354585
-0.183452136,-0.402706892
-0.177325868,-0.393337293
-0.171338402,-0.385515796
-0.159666315,-0.403009758
-0.196427906,-0.459059962
-0.183203746,-0.47541227
-0.177077478,-0.46604267
-0.171090012,-0.458221173
-0.159417925,-0.475715136
-0.195604074,-0.53352547
-0.182379914,-0.549877778
-0.176253645,-0.540508178
-0.17026618,-0.532686681
-0.158594093,-0.550180644
-0.19532891,-0.705346444
-0.18210475,-0.721698751
-0.175978481,-0.712329151
-0.169991016,-0.704507654
-0.158318929,-0.722001617
-0.18981361,-0.054296638
-0.176589451,-0.070648946
-0.170463182,-0.061279346
-0.164475717,-0.053457849
-0.152803629,-0.070951812
-0.185455149,-0.130695645
-0.172230989,-0.147047952
-0.16610472,-0.137678353
-0.160117255,-0.129856856
-0.148445168,-0.147350818
-0.185433458,0.169082149
-0.172209298,0.152729841
-0.16608303,0.162099441
-0.160095564,0.169920938
-0.148423477,0.152426975
-0.183127012,-0.736621052
-0.157789119,-0.735782263
-0.181548409,-0.205504194
-0.16832425,-0.221856502
-0.162197981,-0.212486902
-0.156210516,-0.204665405
-0.144538428,-0.222159368
-0.180999418,-0.641648022
-0.167775259,-0.65800033
-0.16164899,-0.64863073
-0.155661525,-0.640809233
-0.143989437,-0.658303196
-0.179139339,0.057590934
-0.165915179,0.041238627
-0.159788911,0.050608227
-0.153801445,0.058429723
-0.142129358,0.040935761
-0.178167698,-0.278833422
-0.164943539,-0.29518573
-0.15881727,-0.28581613
-0.152829805,-0.277994633
-0.141157717,-0.295488596
-0.176016337,-0.350790638
-0.162792178,-0.367142946
-0.156665909,-0.357773346
-0.150678444,-0.349951849
-0.139006357,-0.367445812
-0.175597859,-0.497327622
-0.162373699,-0.513679929
-0.15624743,-0.504310329
-0.150259965,-0.496488832
-0.138587878,-0.513982795
-0.175238272,-0.57158886
-0.162014112,-0.587941168
-0.155887844,-0.578571568
-0.149900378,-0.570750071
-0.138228291,-0.588244034
-0.174242905,-0.423044965
-0.161018746,-0.439397272
-0.154892477,-0.430027672
-0.148905012,-0.422206175
-0.137232924,-0.439700138
-0.173046104,-0.016098522
-0.159821944,-0.032450829
-0.153695676,-0.023081229
-0.14770821,-0.015259732
-0.136036123,-0.032753695
-0.172782187,0.209802223
-0.159558028,0.193449915
-0.153431759,0.202819515
-0.147444294,0.210641012
-0.135772206,0.193147049
-0.170599873,0.253367988
-0.157375714,0.23701568
-0.167014704,-0.092836756
-0.153790544,-0.109189064
-0.147664276,-0.099819464
-0.14167681,-0.091997967
-0.130004723,-0.10949193
-0.16594166,0.134033879
-0.1527175,0.117681571
-0.146591232,0.127051171
-0.140603766,0.134872668
-0.128931679,0.117378705
-0.163644268,-0.678066984
-0.150420108,-0.694419292
-0.144293839,-0.685049692
-0.138306374,-0.677228195
-0.126634287,-0.694722158
-0.162666228,-0.168436395
-0.149442069,-0.184788703
-0.1433158,-0.175419103
-0.137328335,-0.167597606
-0.125656248,-0.185091569
-0.158917739,-0.242558787
-0.145693579,-0.258911094
-0.139567311,-0.249541494
-0.133579845,-0.241719997
-0.121907758,-0.25921396
-0.155577849,0.09297262
-0.142353689,0.076620312
-0.136227421,0.085989912
-0.130239955,0.093811409
-0.118567868,0.076317446
-0.155416856,0.019615619
-0.142192696,0.003263312
-0.136066428,0.012632912
-0.130078962,0.020454408
-0.118406875,0.002960446
-0.155230063,-0.609726387
-0.142005903,-0.626078694
-0.135879635,-0.616709094
-0.129892169,-0.608887598
-0.118220082,-0.62638156
-0.154789202,-0.460585665
-0.141565042,-0.476937973
-0.135438773,-0.467568373
-0.129451308,-0.459746876
-0.117779221,-0.477240839
-0.154635856,-0.315219478
-0.141411696,-0.331571785
-0.135285428,-0.322202185
-0.129297963,-0.314380689
-0.117625875,-0.331874651
-0.153867403,-0.536225386
-0.140643244,-0.552577694
-0.134516975,-0.543208094
-0.12852951,-0.535386597
-0.116857422,-0.55288056
-0.153251655,-0.387525176
-0.140027495,-0.403877483
-0.133901227,-0.394507884
-0.127913762,-0.386686387
-0.116241674,-0.404180349
-0.149179218,-0.05518399
-0.135955058,-0.071536298
-0.12982879,-0.062166698
-0.123841324,-0.054345201
-0.112169237,-0.071839164
-0.148935613,-0.714783619
-0.12359772,-0.71394483
-0.144822631,0.177196439
-0.131598472,0.160844131
-0.125472203,0.170213731
-0.119484738,0.178035228
-0.10781265,0.160541265
-0.144219559,-0.13106626
-0.1309954,-0.147418568
-0.124869131,-0.138048968
-0.118881666,-0.130227471
-0.107209578,-0.147721434
-0.139118227,-0.205824719
-0.125894068,-0.222177026
-0.119767799,-0.212807426
-0.113780334,-0.20498593
-0.102108247,-0.222479892
-0.135909987,-0.647806195
-0.122685828,-0.664158503
-0.116559559,-0.654788903
-0.110572094,-0.646967406
-0.098900007,-0.664461369
-0.135503448,0.054623189
-0.122279288,0.038270881
-0.116153019,0.047640481
-0.110165554,0.055461978
-0.098493467,0.037968015
-0.135376602,0.224980204
-0.122152443,0.208627897
-0.134935567,-0.279594376
-0.121711407,-0.295946683
-0.115585139,-0.286577083
-0.109597673,-0.278755586
-0.097925586,-0.296249549
-0.134669316,-0.499533912
-0.121445157,-0.515886219
-0.115318888,-0.506516619
-0.109331423,-0.498695123
-0.097659335,-0.516189085
-0.132859818,-0.351810123
-0.119635659,-0.36816243
-0.11350939,-0.35879283
-0.107521925,-0.350971333
-0.095849837,-0.368465296
-0.132642431,-0.575432627
-0.119418271,-0.591784934
-0.113292002,-0.582415335
-0.107304537,-0.574593838
-0.09563245,-0.5920878
-0.131273951,-0.018778532
-0.118049791,-0.03513084
-0.111923523,-0.02576124
-0.105936057,-0.017939743
-0.09426397,-0.035433706
-0.130815171,-0.424400778
-0.117591011,-0.440753086
-0.111464743,-0.431383486
-0.105477277,-0.423561989
-0.09380519,-0.441055952
-0.13048248,0.128954091
-0.11725832,0.112601784
-0.111132052,0.121971383
-0.105144586,0.12979288
-0.093472499,0.112298918
-0.125964586,-0.093728572
-0.112740426,-0.110080879
-0.106614158,-0.100711279
-0.100626693,-0.092889782
-0.088954605,-0.110383745
-0.120996826,-0.168995154
-0.107772666,-0.185347462
-0.101646398,-0.175977862
-0.095658932,-0.168156365
-0.083986845,-0.185650328
-0.118545878,-0.686313814
-0.093207984,-0.685475025
-0.116807807,-0.24311026
-0.103583647,-0.259462568
-0.097457379,-0.250092968
-0.091469913,-0.242271471
-0.079797826,-0.259765434
-0.114012952,-0.462103783
-0.100788793,-0.478456091
-0.094662524,-0.469086491
-0.088675059,-0.461264994
-0.077002972,-0.478758957
-0.113122686,0.08918317
-0.099898527,0.072830862
-0.093772258,0.082200462
-0.087784793,0.090021959
-0.076112705,0.072527996
-0.112825866,-0.53934679
-0.099601707,-0.555699097
-0.093475438,-0.546329497
-0.087487973,-0.538508
-0.075815885,-0.556001963
-0.112486103,0.016702136
-0.099261943,0.000349828
-0.093135675,0.009719428
-0.087148209,0.017540925
-0.075476122,4.70E-05
-0.111739586,-0.614635368
-0.098515426,-0.630987675
-0.092389157,-0.621618075
-0.086401692,-0.613796578
-0.074729605,-0.631290541
-0.110576864,-0.316136618
-0.097352705,-0.332488926
-0.091226436,-0.323119326
-0.085238971,-0.315297829
-0.073566884,-0.332791792
-0.11009186,0.160350061
-0.0968677,0.143997754
-0.090741432,0.153367353
-0.084753966,0.16118885
-0.073081879,0.143694887
-0.109921937,-0.389099435
-0.096697777,-0.405451743
-0.090571509,-0.396082143
-0.084584043,-0.388260646
-0.072911956,-0.405754609
-0.107608079,-0.057084415
-0.094383919,-0.073436723
-0.088257651,-0.064067123
-0.082270185,-0.056245626
-0.070598098,-0.073739589
-0.103572456,0.198322753
-0.090348296,0.181970446
-0.084222028,0.191340046
-0.066562475,0.18166758
-0.102899608,-0.13187217
-0.089675449,-0.148224477
-0.08354918,-0.138854877
-0.077561715,-0.13103338
-0.065889627,-0.148527343
-0.096444514,-0.2063003
-0.083220354,-0.222652608
-0.077094086,-0.213283008
-0.07110662,-0.205461511
-0.059434533,-0.222955474
-0.094835969,-0.501991084
-0.08161181,-0.518343392
-0.075485541,-0.508973792
-0.069498076,-0.501152295
-0.057825988,-0.518646258
-0.091996933,0.051294209
-0.078772774,0.034941901
-0.072646505,0.044311501
-0.06665904,0.052132998
-0.054986952,0.034639035
-0.091921841,-0.280468261
-0.078697681,-0.296820568
-0.072571413,-0.287450968
-0.066583947,-0.279629472
-0.05491186,-0.297123434
-0.091812678,-0.653415852
-0.090780923,-0.579430104
-0.077556763,-0.595782411
-0.071430495,-0.586412811
-0.065443029,-0.578591314
-0.053770942,-0.596085277
-0.090390148,-0.353005035
-0.077165989,-0.369357343
-0.07103972,-0.359987743
-0.065052255,-0.352166246
-0.053380167,-0.369660209
-0.088927373,0.122668191
-0.075703213,0.106315884
-0.069576944,0.115685484
-0.063589479,0.12350698
-0.051917392,0.106013018
-0.088883698,-0.021256511
-0.075659539,-0.037608818
-0.06953327,-0.028239218
-0.063545805,-0.020417721
-0.051873718,-0.037911684
-0.086613328,-0.426137542
-0.073389168,-0.442489849
-0.0672629,-0.43312025
-0.061275435,-0.425298753
-0.049603347,-0.442792715
-0.084377635,-0.095125104
-0.071153476,-0.111477412
-0.065027207,-0.102107812
-0.059039742,-0.094286315
-0.047367655,-0.111780278
-0.079401586,-0.169672635
-0.066177426,-0.186024943
-0.060051158,-0.176655343
-0.054063692,-0.168833846
-0.042391605,-0.186327809
-0.075429405,-0.243543447
-0.062205245,-0.259895755
-0.056078977,-0.250526155
-0.050091511,-0.242704658
-0.038419424,-0.260198621
-0.07478689,-0.463846183
-0.061562731,-0.480198491
-0.055436462,-0.470828891
-0.049448997,-0.463007394
-0.037776909,-0.480501357
-0.054669092,0.224512764
-0.048681627,0.232334261
-0.03700954,0.214840298
-0.072611459,-0.543010781
-0.0593873,-0.559363088
-0.053261031,-0.549993489
-0.047273566,-0.542171992
-0.035601478,-0.559665954
-0.071744339,0.161500543
-0.05852018,0.145148235
-0.052393911,0.154517835
-0.046406446,0.162339332
-0.034734358,0.144845369
-0.045233904,0.270416692
-0.033561816,0.252922729
-0.069669918,0.085309446
-0.056445759,0.068957139
-0.05031949,0.078326739
-0.044332025,0.086148235
-0.032659937,0.068654273
-0.069264485,0.013611587
-0.056040325,-0.002740721
-0.049914056,0.006628879
-0.043926591,0.014450376
-0.032254504,-0.003043587
-0.068535595,-0.617702242
-0.055311435,-0.63405455
-0.06689886,-0.391422773
-0.0536747,-0.407775081
-0.047548432,-0.398405481
-0.041560966,-0.390583984
-0.029888879,-0.408077947
-0.04087563,0.312754676
-0.029203542,0.295260714
-0.065869764,-0.31667154
-0.052645604,-0.333023848
-0.046519336,-0.323654248
-0.04053187,-0.315832751
-0.028859783,-0.333326714
-0.065431259,-0.059122065
-0.052207099,-0.075474373
-0.046080831,-0.066104773
-0.040093365,-0.058283276
-0.028421278,-0.075777239
-0.061310448,-0.132857784
-0.048086288,-0.149210092
-0.04196002,-0.139840492
-0.035972554,-0.132018995
-0.024300467,-0.149512958
-0.035699793,0.351354271
-0.024027706,0.333860308
-0.056548675,0.196484902
-0.043324516,0.180132594
-0.037198247,0.189502194
-0.031210782,0.197323691
-0.019538694,0.179829728
-0.056511343,-0.505973315
-0.043287183,-0.522325622
-0.037160915,-0.512956022
-0.031173449,-0.505134525
-0.019501362,-0.522628488
-0.028201229,0.394725014
-0.016529141,0.377231052
-0.053047028,-0.206167791
-0.039822868,-0.222520098
-0.0336966,-0.213150498
-0.027709135,-0.205329002
-0.016037047,-0.222822964
-0.049838058,-0.353577926
-0.036613899,-0.369930234
-0.03048763,-0.360560634
-0.024500165,-0.352739137
-0.012828077,-0.3702331
-0.049224415,-0.281138569
-0.036000255,-0.297490877
-0.029873987,-0.288121277
-0.023886521,-0.28029978
-0.012214434,-0.297793743
-0.048703813,0.122333769
-0.035479654,0.105981462
-0.029353385,0.115351061
-0.02336592,0.123172558
-0.011693832,0.105678596
-0.048425778,0.048010986
-0.035201619,0.031658678
-0.02907535,0.041028278
-0.023087885,0.048849775
-0.011415797,0.031355812
-0.048413836,-0.580262574
-0.035189677,-0.596614882
-0.045963757,-0.02421623
-0.032739597,-0.040568538
-0.026613329,-0.031198938
-0.020625863,-0.023377441
-0.008953776,-0.040871404
-0.019256353,0.43579585
-0.007584266,0.418301888
-0.042254252,-0.096709821
-0.029030092,-0.113062128
-0.022903824,-0.103692528
-0.016916358,-0.095871031
-0.005244271,-0.113364994
-0.040966898,-0.429828769
-0.027742739,-0.446181076
-0.02161647,-0.436811476
-0.015629005,-0.428989979
-0.003956917,-0.446483942
-0.038937326,-0.468531619
-0.025713166,-0.484883926
-0.019586898,-0.475514326
-0.013599432,-0.46769283
-0.001927345,-0.485186792
-0.037808812,-0.170234174
-0.024584652,-0.186586482
-0.018458384,-0.177216882
-0.012470919,-0.169395385
-0.000798831,-0.186889348
-0.035652889,-0.242578177
-0.02242873,-0.258930484
-0.016302461,-0.249560884
-0.010314996,-0.241739388
0.001357092,-0.25923335
-0.035221517,0.236343061
-0.021997358,0.219990754
-0.015871089,0.229360354
-0.009883624,0.23718185
0.001788463,0.219687888
-0.034718428,0.285118695
-0.021494269,0.268766387
-0.015368,0.278135987
-0.009380535,0.285957484
0.002291553,0.268463521
-0.008702423,0.475530098
0.002969665,0.458036136
-0.03109902,-0.541745401
-0.01787486,-0.558097709
-0.030565242,0.158717755
-0.017341083,0.142365447
-0.011214814,0.151735047
-0.005227349,0.159556544
0.006444739,0.142062581
-0.027650887,0.083763633
-0.014426727,0.067411325
-0.008300459,0.076780925
-0.002312993,0.084602422
0.009359094,0.067108459
-0.026126651,0.36471183
-0.012902491,0.348359523
-0.006776223,0.357729123
-0.000788757,0.36555062
0.01088333,0.348056657
-0.026014251,0.010414602
-0.012790092,-0.005937706
-0.006663823,0.003431894
-0.000676358,0.011253391
0.01099573,-0.006240572
-0.02597622,-0.393945577
-0.012752061,-0.410297885
-0.006625792,-0.400928285
-0.000638327,-0.393106788
0.011033761,-0.410600751
-0.022575996,-0.06223612
-0.009351837,-0.078588427
-0.003225568,-0.069218827
0.002761897,-0.06139733
0.014433985,-0.078891293
0.002941155,0.512331679
0.014613242,0.494837717
-0.021256873,0.326256978
-0.008032714,0.309904671
-0.001906445,0.319274271
0.00408102,0.327095767
0.015753108,0.309601805
-0.019602385,-0.317300773
-0.006378226,-0.333653081
-0.000251957,-0.324283481
0.005735508,-0.316461984
0.017407596,-0.333955947
-0.019292471,-0.13374412
-0.006068311,-0.150096428
5.80E-05,-0.140726828
0.006045423,-0.132905331
0.01771751,-0.150399294
-0.016202004,-0.502317229
-0.002977845,-0.518669536
-0.014532308,0.19556254
-0.001308148,0.179210233
0.00481812,0.188579833
0.010805586,0.196401329
0.022477673,0.178907367
-0.013954114,0.405487093
-0.000729954,0.389134785
0.005396314,0.398504385
0.01138378,0.406325882
0.023055867,0.388831919
-0.013053775,-0.355373161
0.000170384,-0.371725469
0.006296653,-0.362355869
0.012284118,-0.354534372
0.023956206,-0.372028335
-0.00841008,-0.280847996
0.004814079,-0.297200303
0.010940348,-0.287830703
0.016927813,-0.280009206
0.028599901,-0.297503169
-0.007709721,-0.204765647
0.005514439,-0.221117955
0.011640707,-0.211748355
0.017628172,-0.203926858
0.02930026,-0.221420821
-0.007558148,0.119816095
0.005666012,0.103463787
0.01179228,0.112833387
0.017779746,0.120654884
0.029451833,0.103160921
0.018574177,0.553886005
0.030246264,0.536392042
-0.005900074,0.260238555
0.007324085,0.243886247
0.013450354,0.253255847
0.019437819,0.261077344
0.031109907,0.243583381
-0.005810822,0.045657069
0.007413337,0.029304761
0.013539606,0.038674361
0.019527071,0.046495858
0.031199159,0.029001895
-0.003055795,-0.027638336
0.010168364,-0.043990644
0.016294633,-0.034621044
0.022282098,-0.026799547
0.033954186,-0.04429351
-0.002959471,-0.46032859
0.010264688,-0.476680898
-0.002157454,0.44468119
0.011066706,0.428328883
0.017192975,0.437698483
0.02318044,0.44551998
0.034852527,0.428026017
0.000843354,-0.241770857
0.014067514,-0.258123165
0.020193782,-0.248753565
0.026181248,-0.240932068
0.037853335,-0.258426031
0.000893126,-0.100554356
0.014117286,-0.116906663
0.020243554,-0.107537063
0.02623102,-0.099715566
0.037903107,-0.117209529
0.003422667,-0.169999342
0.016646826,-0.18635165
0.022773095,-0.17698205
0.02876056,-0.169160553
0.040432648,-0.186654516
0.006734345,-0.423453441
0.019958505,-0.439805748
0.008154526,0.297363855
0.021378685,0.281011548
0.027504954,0.290381147
0.033492419,0.298202644
0.045164507,0.280708682
0.008882889,0.366980452
0.022107048,0.350628144
0.028233317,0.359997744
0.034220782,0.367819241
0.04589287,0.350325278
0.01035503,0.224953418
0.02357919,0.208601111
0.029705458,0.217970711
0.035692924,0.225792207
0.047365011,0.208298245
0.01036183,0.156319391
0.023585989,0.139967083
0.029712258,0.149336683
0.035699723,0.15715818
0.04737181,0.139664217
0.036002773,0.592669565
0.04767486,0.575175603
0.014298966,0.518687892
0.027523126,0.502335584
0.033649394,0.511705184
0.03963686,0.519526681
0.051308947,0.502032718
0.014340869,0.081289419
0.027565029,0.064937112
0.033691297,0.074306712
0.039678763,0.082128209
0.05135085,0.064634246
0.014806941,0.480700352
0.0280311,0.464348044
0.034157369,0.473717644
0.040144834,0.481539141
0.051816922,0.464045178
0.015299087,-0.38410537
0.028523246,-0.400457677
0.016605,0.007430532
0.02982916,-0.008921776
0.035955428,0.000447824
0.041942894,0.008269321
0.053614981,-0.009224642
0.019940976,-0.066438679
0.033165136,-0.082790987
0.039291405,-0.073421387
0.04527887,-0.06559989
0.056950957,-0.083093853
0.022632446,-0.341951015
0.035856605,-0.358303323
0.024461954,-0.139686305
0.037686114,-0.156038612
0.043812382,-0.146669013
0.049799848,-0.138847516
0.061471935,-0.156341478
0.025021122,0.332785033
0.038245282,0.316432725
0.04437155,0.325802325
0.050359016,0.333623822
0.062031103,0.316129859
0.025204724,0.407467495
0.038428883,0.391115188
0.044555152,0.400484788
0.050542617,0.408306285
0.062214705,0.390812322
0.027648627,-0.305022809
0.040872787,-0.321375116
0.055969027,0.62988409
0.067641115,0.612390128
0.030755274,0.189313177
0.043979434,0.172960869
0.050105702,0.182330469
0.056093168,0.190151966
0.067765255,0.172658003
0.031761985,-0.265720268
0.044986144,-0.282072576
0.033756237,0.11741473
0.046980397,0.101062423
0.053106665,0.110432023
0.059094131,0.11825352
0.070766218,0.100759557
0.033922351,0.555642361
0.047146511,0.539290054
0.053272779,0.548659654
0.059260245,0.556481151
0.070932332,0.538987188
0.034146269,0.26140236
0.047370429,0.245050052
0.053496697,0.254419652
0.059484162,0.262241149
0.07115625,0.244747186
0.035401689,-0.223215414
0.048625848,-0.239567722
0.054752117,-0.230198122
0.0364393,0.0428751
0.04966346,0.026522792
0.055789728,0.035892392
0.061777194,0.043713889
0.073449281,0.026219926
0.039196364,-0.031347308
0.052420523,-0.047699615
0.058546792,-0.038330016
0.064534257,-0.030508519
0.076206345,-0.048002481
0.040225311,-0.188073821
0.053449471,-0.204426128
0.059575739,-0.195056528
0.041041453,0.444971661
0.054265613,0.428619354
0.060391881,0.437988954
0.066379347,0.445810451
0.078051434,0.428316488
0.042727541,-0.106966114
0.0559517,-0.123318421
0.062077969,-0.113948822
0.068065434,-0.106127325
0.079737522,-0.123621288
0.04880592,0.370790856
0.06203008,0.354438548
0.068156348,0.363808148
0.074143814,0.371629645
0.085815901,0.354135682
0.050549345,0.514741984
0.063773505,0.498389676
0.069899773,0.507759276
0.075887239,0.515580773
0.087559326,0.49808681
0.050955786,0.298276057
0.064179945,0.28192375
0.070306214,0.29129335
0.076293679,0.299114847
0.087965766,0.281620884
0.052716425,0.59158587
0.065940585,0.575233563
0.072066853,0.584603163
0.078054319,0.59242466
0.089726406,0.574930697
0.053298493,0.22442314
0.066522652,0.208070833
0.072648921,0.217440432
0.078636386,0.225261929
0.090308474,0.207767967
0.0534474,0.152268342
0.066671559,0.135916035
0.072797828,0.145285635
0.078785293,0.153107132
0.090457381,0.135613169
0.066792409,0.64807354
0.078906143,0.665264637
0.090578231,0.647770674
0.056127396,0.078714039
0.069351556,0.062361732
0.075477824,0.071731332
0.08146529,0.079552828
0.093137377,0.062058866
0.058713762,0.004175275
0.071937922,-0.012177032
0.07806419,-0.002807432
0.084051656,0.005014064
0.095723743,-0.012479898
0.061023394,-0.071380841
0.074247554,-0.087733149
0.080373822,-0.078363549
0.086361288,-0.070542052
0.098033375,-0.088036015
0.062108299,0.478834471
0.075332458,0.462482164
0.081458727,0.471851764
0.087446192,0.479673261
0.09911828,0.462179298
0.062453979,-0.152738926
0.075678138,-0.169091233
0.081804407,-0.159721633
0.087791872,-0.151900136
0.09946396,-0.169394099
0.066831324,0.408528037
0.080055484,0.392175729
0.086181752,0.401545329
0.092169218,0.409366826
0.103841305,0.391872863
0.069025813,0.334733853
0.082249972,0.318381545
0.088376241,0.327751145
0.094363706,0.335572642
0.106035793,0.318078679
0.073386658,0.552430572
0.086610817,0.536078264
0.092737086,0.545447864
0.098724551,0.553269361
0.110396639,0.535775398
0.073402277,0.626146561
0.086626436,0.609794253
0.092752705,0.619163853
0.09874017,0.62698535
0.110412258,0.609491387
0.074050084,0.187593883
0.087274244,0.171241576
0.093400512,0.180611176
0.099387978,0.188432673
0.111060065,0.17093871
0.07491399,0.261298971
0.088138149,0.244946664
0.094264418,0.254316264
0.100251883,0.26213776
0.111923971,0.244643798
0.075929514,0.114284499
0.089153674,0.097932191
0.095279942,0.107301791
0.101267408,0.115123288
0.112939495,0.097629325
0.078322838,0.039933004
0.091546997,0.023580696
0.097673266,0.032950296
0.103660731,0.040771793
0.115332818,0.02327783
0.093278821,0.680999417
0.117064643,0.680696551
0.080742378,-0.035079833
0.093966537,-0.051432141
0.100092806,-0.042062541
0.106080271,-0.034241044
0.117752359,-0.051735007
0.081043989,-0.113836327
0.094268148,-0.130188634
0.100394417,-0.120819034
0.106381882,-0.112997537
0.118053969,-0.1304915
0.10159933,-0.203834229
0.107586795,-0.196012732
0.119258882,-0.213506695
0.08581785,0.444002006
0.09904201,0.427649699
0.105168278,0.437019299
0.111155744,0.444840796
0.122827831,0.427346833
0.090390944,0.371570727
0.103615103,0.35521842
0.109741372,0.36458802
0.115728837,0.372409516
0.127400925,0.354915554
0.091025251,0.514421023
0.10424941,0.498068715
0.110375679,0.507438315
0.116363144,0.515259812
0.128035232,0.497765849
0.093076612,0.298404291
0.106300771,0.282051984
0.11242704,0.291421583
0.118414505,0.29924308
0.130086592,0.281749118
0.094685346,0.588962925
0.107909505,0.572610617
0.114035774,0.581980217
0.120023239,0.589801714
0.131695327,0.572307751
0.095371482,0.223921894
0.108595642,0.207569587
0.114721911,0.216939186
0.120709376,0.224760683
0.132381463,0.207266721
0.095905479,0.150144982
0.109129638,0.133792675
0.115255907,0.143162274
0.121243372,0.150983771
0.13291546,0.133489808
0.096300602,0.658921167
0.109524761,0.642568859
0.11565103,0.651938459
0.121638495,0.659759956
0.133310583,0.642265993
0.098004897,0.075758913
0.111229057,0.059406605
0.117355326,0.068776205
0.123342791,0.076597702
0.135014878,0.059103739
0.100491582,0.000888226
0.113715742,-0.015464082
0.119842011,-0.006094482
0.125829476,0.001727015
0.137501563,-0.015766948
0.101051647,-0.074912119
0.114275807,-0.091264426
0.120402075,-0.081894826
0.126389541,-0.074073329
0.138061628,-0.091567292
0.101195013,-0.154042628
0.114419173,-0.170394935
0.120545441,-0.161025335
0.126532907,-0.153203839
0.138204994,-0.170697801
0.107714291,0.47863091
0.120938451,0.462278602
0.127064719,0.471648202
0.133052185,0.479469699
0.144724272,0.461975736
0.109784126,0.407833357
0.123008286,0.391481049
0.129134554,0.400850649
0.13512202,0.408672146
0.146794107,0.391178183
0.125151819,0.711103487
0.14893764,0.710800621
0.112097813,0.334908162
0.125321973,0.318555855
0.131448241,0.327925455
0.137435707,0.335746951
0.149107794,0.318252989
0.114505177,0.551433619
0.127729336,0.535081311
0.133855605,0.544450911
0.13984307,0.552272408
0.151515158,0.534778445
0.116027631,0.261068868
0.129251791,0.24471656
0.135378059,0.25408616
0.141365525,0.261907657
0.153037612,0.244413694
0.116310853,0.186556696
0.129535012,0.170204388
0.135661281,0.179573988
0.141648746,0.187395485
0.153320834,0.169901522
0.141945848,-0.224718024
0.153617935,-0.242211987
0.117481676,0.624075393
0.130705836,0.607723085
0.136832104,0.617092685
0.14281957,0.624914182
0.154491657,0.607420219
0.11776911,0.111976656
0.130993269,0.095624349
0.137119538,0.104993948
0.143107003,0.112815445
0.15477909,0.095321483
0.120047446,0.036789515
0.133271605,0.020437207
0.139397874,0.029806807
0.145385339,0.037628304
0.157057426,0.020134341
0.120685724,0.691705448
0.133909884,0.675353141
0.140036152,0.684722741
0.146023618,0.692544237
0.157695705,0.675050275
0.12103068,-0.112817077
0.13425484,-0.129169384
0.140381108,-0.119799784
0.146368574,-0.111978288
0.158040661,-0.12947225
0.122515445,-0.038071982
0.135739604,-0.05442429
0.141865873,-0.04505469
0.147853338,-0.037233193
0.159525426,-0.054727156
0.125967639,-0.186339857
0.139191799,-0.202692164
0.145318067,-0.193322564
0.151305532,-0.185501067
0.16297762,-0.20299503
0.130092954,0.443200214
0.143317114,0.426847907
0.149443382,0.436217506
0.155430848,0.444039003
0.167102935,0.426545041
0.132851081,0.371149205
0.14607524,0.354796898
0.152201509,0.364166498
0.158188974,0.371987995
0.169861061,0.354494032
0.133146813,0.514530708
0.146370973,0.498178401
0.152497241,0.507548001
0.158484707,0.515369498
0.170156794,0.497875535
0.135139093,0.298063056
0.148363252,0.281710749
0.154489521,0.291080348
0.160476986,0.298901845
0.172149074,0.281407883
0.137032056,0.223526847
0.150256216,0.207174539
0.156382484,0.216544139
0.16236995,0.224365636
0.174042037,0.206871673
0.137276572,0.587797556
0.150500732,0.571445248
0.156627,0.580814848
0.162614466,0.588636345
0.174286553,0.571142382
0.137692591,0.148795895
0.150916751,0.132443587
0.157043019,0.141813187
0.163030485,0.149634684
0.174702572,0.132140721
0.139489084,0.073195275
0.152713244,0.056842967
0.158839512,0.066212567
0.164826978,0.074034064
0.176499065,0.056540101
0.140906586,0.659529602
0.154130746,0.643177295
0.160257014,0.652546895
0.16624448,0.660368391
0.177916567,0.642874429
0.142428868,-0.002398453
0.155653027,-0.018750761
0.161779296,-0.009381161
0.167766761,-0.001559664
0.179438848,-0.019053627
0.143159057,-0.075484545
0.156383217,-0.091836852
0.162509486,-0.082467252
0.168496951,-0.074645755
0.180169038,-0.092139718
0.143206329,-0.146173111
0.156430488,-0.162525419
0.162556757,-0.153155819
0.168544222,-0.145334322
0.18021631,-0.162828285
0.1568115,0.731777854
0.180597321,0.731474988
0.151989545,0.478506324
0.165213705,0.462154017
0.171339973,0.471523616
0.177327439,0.479345113
0.188999526,0.461851151
0.178268479,-0.250930445
0.189940566,-0.268424408
0.153041897,0.407023016
0.166266056,0.390670708
0.172392325,0.400040308
0.17837979,0.407861805
0.190051877,0.390367842
0.154932516,0.334476565
0.168156676,0.318124257
0.174282944,0.327493857
0.180270409,0.335315354
0.191942497,0.317821391
0.156460209,0.551370496
0.169684368,0.535018188
0.175810637,0.544387788
0.181798102,0.552209285
0.19347019,0.534715322
0.15691807,0.703304722
0.170142229,0.686952414
0.176268498,0.696322014
0.182255963,0.704143511
0.193928051,0.686649548
0.157447313,0.260736554
0.170671473,0.244384247
0.176797741,0.253753847
0.182785207,0.261575344
0.194457294,0.244081381
0.15799968,0.185945756
0.17122384,0.169593449
0.177350109,0.178963049
0.183337574,0.186784546
0.195009661,0.169290583
0.158755472,-0.215573311
0.171979632,-0.231925619
0.1781059,-0.222556019
0.184093366,-0.214734522
0.195765453,-0.232228485
0.159035478,0.110584221
0.172259637,0.094231913
0.178385906,0.103601513
0.184373371,0.11142301
0.196045459,0.093929047
0.160670684,0.623967305
0.173894843,0.607614998
0.180021112,0.616984598
0.186008577,0.624806095
0.197680664,0.607312132
0.161407772,0.033869259
0.174631931,0.017516952
0.1807582,0.026886552
0.186745665,0.034708049
0.198417753,0.017214086
0.164828377,-0.110453948
0.178052537,-0.126806255
0.184178806,-0.117436656
0.190166271,-0.109615159
0.201838358,-0.127109122
0.166051468,-0.040746876
0.179275628,-0.057099183
0.185401896,-0.047729583
0.191389361,-0.039908086
0.203061449,-0.057402049
0.168782158,-0.175121899
0.182006318,-0.191474207
0.188132587,-0.182104607
0.194120052,-0.17428311
0.205792139,-0.191777073
0.173775654,0.442561428
0.186999813,0.42620912
0.193126082,0.43557872
0.199113547,0.443400217
0.210785634,0.425906254
0.175624619,0.514630186
0.188848778,0.498277879
0.194975047,0.507647478
0.200962512,0.515468975
0.2126346,0.497975013
0.175689653,0.370566309
0.188913813,0.354214002
0.195040081,0.363583602
0.201027547,0.371405098
0.212699634,0.353911136
0.177320119,0.297650261
0.190544278,0.281297953
0.196670547,0.290667553
0.202658012,0.29848905
0.2143301,0.280995087
0.178566802,0.223252565
0.191790961,0.206900258
0.19791723,0.216269858
0.203904695,0.224091355
0.215576783,0.206597392
0.179062447,0.148181397
0.192286607,0.13182909
0.198412875,0.141198689
0.204400341,0.149020186
0.216072428,0.131526223
0.179838897,0.588659054
0.193063056,0.572306747
0.199189325,0.581676347
0.20517679,0.589497843
0.216848878,0.572003881
0.193336631,0.744613414
0.217122452,0.744310548
0.180246316,0.663202506
0.193470476,0.646850198
0.199596744,0.656219798
0.20558421,0.664041295
0.217256297,0.646547332
0.18026166,0.072103921
0.19348582,0.055751613
0.199612088,0.065121213
0.205599554,0.07294271
0.217271641,0.055448747
0.184342905,-0.005921833
0.197567064,-0.022274141
0.203693333,-0.012904541
0.209680798,-0.005083044
0.221352885,-0.022577007
0.186276324,0.72630867
0.199500483,0.709956362
0.205626752,0.719325962
0.211614217,0.727147459
0.223286305,0.709653496
0.187775656,-0.07732516
0.200999816,-0.093677468
0.207126084,-0.084307868
0.213119634,-0.270316968
0.189776475,-0.140759665
0.203000634,-0.157111972
0.209126903,-0.147742372
0.215114368,-0.139920876
0.226786456,-0.157414838
0.195413135,0.478262511
0.208637295,0.461910203
0.214763563,0.471279803
0.220751029,0.4791013
0.232423116,0.461607337
0.196336398,0.406370548
0.209560558,0.390018241
0.215686826,0.399387841
0.221674292,0.407209337
0.233346379,0.389715375
0.196714836,-0.203333384
0.209938995,-0.219685692
0.216065264,-0.210316092
0.222052729,-0.202494595
0.233724817,-0.219988558
0.197749119,0.334116926
0.210973279,0.317764619
0.217099547,0.327134219
0.223087013,0.334955716
0.2347591,0.317461753
0.198012269,0.551764175
0.211236428,0.535411867
0.217362697,0.544781467
0.223350162,0.552602964
0.23502225,0.535109001
0.199108765,0.260485919
0.212332924,0.244133612
0.218459193,0.253503212
0.224446658,0.261324708
0.236118746,0.243830746
0.199471852,0.185717588
0.212696011,0.16936528
0.21882228,0.17873488
0.224809745,0.186556377
0.236481833,0.169062414
0.200062976,0.110372753
0.213287135,0.094020446
0.219413404,0.103390045
0.225400869,0.111211542
0.237072957,0.09371758
0.200935002,-0.239437254
0.214159161,-0.255789562
0.22028543,-0.246419962
0.226272895,-0.238598465
0.237944983,-0.256092428
0.201582638,0.033640043
0.214806797,0.017287736
0.220933066,0.026657336
0.226920531,0.034478832
0.238592619,0.01698487
0.202745691,0.627476712
0.215969851,0.611124404
0.222096119,0.620494004
0.228083585,0.628315501
0.239755672,0.610821538
0.204171226,0.690570688
0.217395386,0.67421838
0.223521654,0.68358798
0.22950912,0.691409477
0.241181207,0.673915514
0.210867061,-0.046103646
0.23021749,-0.053086353
0.236204955,-0.045264856
0.21229187,-0.107362808
0.225516029,-0.123715116
0.216086079,-0.170366322
0.229310239,-0.186718629
0.235436507,-0.17734903
0.241423972,-0.169527533
0.25309606,-0.187021495
0.2170529,0.442034627
0.230277059,0.425682319
0.236403328,0.435051919
0.242390793,0.442873416
0.254062881,0.425379453
0.217924449,0.514518909
0.231148608,0.498166602
0.237274877,0.507536202
0.243262342,0.515357699
0.25493443,0.497863736
0.231633558,0.744623293
0.255419379,0.744320427
0.218771094,0.37029532
0.231995254,0.353943013
0.238121522,0.363312613
0.244108987,0.37113411
0.255781075,0.353640147
0.219592171,0.297476357
0.232816331,0.28112405
0.238942599,0.290493649
0.244930065,0.298315146
0.256602152,0.280821184
0.220123652,0.223058956
0.233347812,0.206706648
0.23947408,0.216076248
0.245461546,0.223897745
0.257133633,0.206403782
0.220404084,0.148254493
0.233628243,0.131902185
0.239754512,0.141271785
0.245741977,0.149093282
0.257414065,0.131599319
0.220893499,0.589988396
0.234117659,0.573636089
0.240243928,0.583005689
0.246231393,0.590827185
0.25790348,0.573333223
0.2209795,0.072845179
0.234203659,0.056492872
0.240329928,0.065862471
0.246317393,0.073683968
0.257989481,0.056190006
0.22322227,-0.004635669
0.23644643,-0.020987977
0.242572698,-0.011618377
0.248560164,-0.00379688
0.260232251,-0.021290843
0.224598262,-0.283607981
0.249936156,-0.282769192
0.227922181,0.720069183
0.24114634,0.703716876
0.247272609,0.713086475
0.253260074,0.720907972
0.264932162,0.70341401
0.228530921,0.660549709
0.24175508,0.644197401
0.247881349,0.653567001
0.253868814,0.661388498
0.265540902,0.643894535
0.237087002,-0.207429658
0.250311161,-0.223781965
0.25643743,-0.214412365
0.262424895,-0.206590868
0.274096982,-0.224084831
0.237162479,-0.138258414
0.250386638,-0.154610722
0.238347122,0.477851603
0.251571282,0.461499295
0.25769755,0.470868895
0.263685016,0.478690392
0.275357103,0.461196429
0.23870452,0.55163325
0.251928679,0.535280942
0.258054948,0.544650542
0.264042413,0.552472039
0.275714501,0.534978076
0.239779153,0.40618764
0.253003313,0.389835332
0.259129581,0.399204932
0.265117047,0.407026429
0.276789134,0.389532466
0.240590176,0.334257306
0.253814336,0.317904998
0.259940604,0.327274598
0.26592807,0.335096095
0.277600157,0.317602132
0.240841004,0.260289208
0.254065163,0.243936901
0.260191432,0.2533065
0.266178897,0.261127997
0.277850985,0.243634034
0.241039533,0.185607833
0.254263693,0.169255525
0.260389962,0.178625125
0.266377427,0.186446622
0.278049514,0.168952659
0.241370218,0.111130639
0.254594378,0.094778331
0.260720646,0.104147931
0.266708112,0.111969428
0.278380199,0.094475465
0.241848545,0.035945039
0.255072704,0.019592731
0.261198973,0.028962331
0.267186438,0.036783828
0.278858526,0.019289865
0.242347143,-0.244529405
0.255571303,-0.260881712
0.261697571,-0.251512112
0.267685036,-0.243690615
0.279357124,-0.261184578
0.246890557,0.625169024
0.260114716,0.608816716
0.266240985,0.618186316
0.27222845,0.626007813
0.283900538,0.60851385
0.249671932,-0.040347771
0.26902236,-0.047330478
0.275009825,-0.039508981
0.254562234,0.692647519
0.267786393,0.676295211
0.273912662,0.685664811
0.279900127,0.693486308
0.291572214,0.675992345
0.25529776,0.74530546
0.26852192,0.728953152
0.260216973,0.513644772
0.273441133,0.497292465
0.279567401,0.506662065
0.285554867,0.514483561
0.297226954,0.496989599
0.260260998,0.441990248
0.273485158,0.425637941
0.279611426,0.435007541
0.285598892,0.442829038
0.297270979,0.425335075
0.260563598,-0.173086341
0.273787758,-0.189438648
0.261704526,0.297522098
0.274928685,0.281169791
0.281054954,0.290539391
0.287042419,0.298360888
0.298714506,0.280866925
0.261717021,0.22282261
0.274941181,0.206470302
0.281067449,0.215839902
0.287054915,0.223661399
0.298727002,0.206167436
0.26209339,0.370870885
0.275317549,0.354518578
0.281443818,0.363888178
0.287431283,0.371709675
0.299103371,0.354215712
0.262139807,0.148284083
0.275363967,0.131931775
0.281490235,0.141301375
0.287477701,0.149122872
0.299149788,0.131628909
0.262349416,0.074731869
0.275573576,0.058379562
0.281699844,0.067749162
0.28768731,0.075570659
0.299359397,0.058076696
0.262491097,0.587721226
0.275715257,0.571368918
0.281841525,0.580738518
0.287828991,0.588560015
0.299501078,0.571066052
0.262774372,0.000178512
0.275998531,-0.016173796
0.2821248,-0.006804196
0.288112265,0.001017301
0.299784353,-0.016476662
0.264145124,-0.280879627
0.289483017,-0.280040837
0.274742396,0.658455514
0.287966556,0.642103207
0.294092824,0.651472807
0.30008029,0.659294303
0.311752377,0.641800341
0.278531976,-0.211408093
0.291756136,-0.227760401
0.279375562,0.549025953
0.292599722,0.532673645
0.29872599,0.542043245
0.304713455,0.549864742
0.316385543,0.532370779
0.281511551,0.477796455
0.294735711,0.461444148
0.300861979,0.470813748
0.306849445,0.478635245
0.318521532,0.461141282
0.282446437,0.260397916
0.295670597,0.244045609
0.301796865,0.253415209
0.307784331,0.261236705
0.319456418,0.243742743
0.282649849,0.720062521
0.295874008,0.703710213
0.282705235,0.185131372
0.295929395,0.168779064
0.302055664,0.178148664
0.308043129,0.185970161
0.319715216,0.168476198
0.283166973,0.334582795
0.296391132,0.318230488
0.302517401,0.327600088
0.308504866,0.335421585
0.320176954,0.317927622
0.283307168,0.039633348
0.296531328,0.02328104
0.302657596,0.03265064
0.308645062,0.040472137
0.320317149,0.022978174
0.283586182,0.111322167
0.296810342,0.094969859
0.30293661,0.104339459
0.308924076,0.112160956
0.320596163,0.094666993
0.283631007,0.407419137
0.296855167,0.39106683
0.302981435,0.40043643
0.3089689,0.408257927
0.320640988,0.390763964
0.284230316,-0.249943755
0.297454476,-0.266296063
0.288919623,-0.034725626
0.314257516,-0.033886836
0.290384993,0.621571677
0.303609152,0.60521937
0.309735421,0.61458897
0.315722886,0.622410467
0.327394974,0.604916504
0.302456574,0.004886244
0.315680733,-0.011466064
0.321807002,-0.002096464
0.327794467,0.005725033
0.339466555,-0.01176893
0.302992408,0.222877574
0.316216568,0.206525267
0.322342836,0.215894867
0.328330302,0.223716363
0.340002389,0.206222401
0.303580674,0.58297746
0.316804833,0.566625152
0.322931102,0.575994752
0.328918567,0.583816249
0.340590654,0.566322286
0.303668795,0.29803417
0.316892955,0.281681862
0.323019224,0.291051462
0.329006689,0.298872959
0.340678776,0.281378996
0.303817193,0.444590552
0.317041352,0.428238245
0.323167621,0.437607845
0.329155086,0.445429341
0.340827174,0.427935379
0.303963889,0.68813596
0.317188049,0.671783652
0.304009345,0.511792606
0.317233505,0.495440299
0.323359773,0.504809898
0.329347239,0.512631395
0.341019326,0.495137432
0.304171115,0.147121436
0.317395275,0.130769129
0.323521543,0.140138729
0.329509009,0.147960225
0.341181096,0.130466263
0.305055167,0.371342514
0.318279327,0.354990207
0.324405595,0.364359806
0.330393061,0.372181303
0.342065148,0.35468734
0.305511385,0.075319209
0.318735544,0.058966901
0.324861813,0.068336501
0.330849278,0.076157998
0.342521366,0.058664035
0.319825545,0.542911205
0.333049705,0.526558898
0.339175973,0.535928498
0.345163439,0.543749995
0.356835526,0.526256032
0.320601268,0.651199722
0.333825428,0.634847414
0.323723591,0.184838226
0.33694775,0.168485919
0.343074019,0.177855519
0.349061484,0.185677016
0.360733572,0.168183053
0.323779038,0.260942597
0.337003198,0.244590289
0.343129466,0.253959889
0.349116931,0.261781386
0.360789019,0.244287423
0.325745399,0.33555408
0.338969559,0.319201773
0.345095827,0.328571373
0.351083293,0.33639287
0.36275538,0.318898907
0.326567818,0.483075424
0.339791978,0.466723116
0.345918246,0.476092716
0.351905712,0.483914213
0.363577799,0.46642025
0.326639868,0.108766317
0.339864027,0.092414009
0.345990296,0.101783609
0.351977761,0.109605106
0.363649849,0.092111143
0.326726132,0.407607015
0.339950292,0.391254708
0.34607656,0.400624308
0.352064025,0.408445805
0.363736113,0.390951842
0.326990923,0.040855551
0.340215083,0.024503243
0.346341351,0.033872843
0.352328817,0.04169434
0.364000904,0.024200377
0.328883567,-0.027981266
0.354221461,-0.027142476
0.333358697,0.611314361
0.346582857,0.594962053
0.343607127,0.569203527
0.356831286,0.55285122
0.343703111,0.008345586
0.35692727,-0.008006721
0.363053539,0.001362879
0.369041004,0.009184376
0.380713092,-0.008309587
0.343786524,0.222942668
0.357010684,0.206590361
0.363136953,0.21595996
0.369124418,0.223781457
0.380796505,0.206287495
0.344324819,0.444224003
0.357548978,0.427871696
0.363675247,0.437241296
0.369662712,0.445062792
0.3813348,0.42756883
0.344995007,0.146510083
0.358219167,0.130157776
0.364345436,0.139527376
0.370332901,0.147348873
0.382004988,0.12985491
0.345318465,0.299239754
0.358542625,0.282887446
0.364668893,0.292257046
0.370656359,0.300078543
0.382328446,0.28258458
0.348498422,0.372638519
0.361722581,0.356286212
0.36784885,0.365655812
0.373836315,0.373477309
0.385508403,0.355983346
0.350543001,0.069509589
0.363767161,0.053157281
0.369893429,0.062526881
0.375880895,0.070348378
0.387552982,0.052854415
0.353816239,0.522479683
0.367040398,0.506127376
0.373166667,0.515496976
0.364319699,0.184755878
0.377543858,0.168403571
0.383670127,0.177773171
0.389657592,0.185594668
0.401329679,0.168100705
0.364471227,0.261120021
0.377695386,0.244767714
0.383821655,0.254137313
0.38980912,0.26195881
0.401481208,0.244464848
0.365029324,0.482012582
0.378253483,0.465660275
0.384379752,0.475029875
0.36693212,0.10773667
0.38015628,0.091384362
0.386282548,0.100753962
0.392270014,0.108575459
0.403942101,0.091081496
0.368181369,0.337828917
0.381405529,0.321476609
0.387531797,0.330846209
0.393519263,0.338667706
0.40519135,0.321173743
0.37064399,-0.019410102
0.395981883,-0.018571313
0.371049752,0.408672536
0.384273912,0.392320229
0.390400181,0.401689829
0.396387646,0.409511326
0.408059733,0.392017363
0.374758749,0.028131212
0.387982908,0.011778904
0.394109177,0.021148504
0.400096642,0.028970001
0.41176873,0.011476038
0.384356549,0.222823618
0.397580709,0.206471311
0.403706978,0.215840911
0.409694443,0.223662407
0.42136653,0.206168445
0.384607623,0.444220079
0.397831783,0.427867771
0.403958051,0.437237371
0.385251023,0.146621395
0.398475182,0.130269087
0.404601451,0.139638687
0.410588916,0.147460184
0.422261004,0.129966221
0.385778084,0.299234564
0.399002244,0.282882256
0.405128512,0.292251856
0.411115978,0.300073353
0.422788065,0.28257939
0.389823669,0.068550642
0.403047829,0.052198334
0.409174097,0.061567934
0.415161562,0.069389431
0.42683365,0.051895468
0.392531136,0.377069635
0.405755295,0.360717328
0.411881564,0.370086928
0.417869029,0.377908424
0.429541117,0.360414462
0.404945662,0.184834205
0.418169822,0.168481898
0.42429609,0.177851498
0.430283556,0.185672994
0.441955643,0.168179032
0.404992919,0.260393955
0.418217078,0.244041647
0.424343347,0.253411247
0.430330812,0.261232744
0.442002899,0.243738781
0.406591368,0.108935152
0.419815528,0.092582845
0.425941796,0.101952445
0.431929262,0.109773941
0.443601349,0.092279979
0.406893104,-0.010507882
0.432230997,-0.009669093
0.408238541,0.337320852
0.4214627,0.320968545
0.427588969,0.330338144
0.433576434,0.338159641
0.445248522,0.320665679
0.413586611,0.031436993
0.42681077,0.015084685
0.432937039,0.024454285
0.438924504,0.032275782
0.450596592,0.014781819
0.41784924,0.417784391
0.4310734,0.401432083
0.437199668,0.410801683
0.454859221,0.401129217
0.42520581,0.221915003
0.438429969,0.205562696
0.444556238,0.214932295
0.450543703,0.222753792
0.46221579,0.205259829
0.42590545,0.297794773
0.43912961,0.281442465
0.445255878,0.290812065
0.451243344,0.298633562
0.462915431,0.281139599
0.425927522,0.147674631
0.439151681,0.131322324
0.44527795,0.140691923
0.451265415,0.14851342
0.462937503,0.131019458
0.429687027,0.073551941
0.442911187,0.057199633
0.449037455,0.066569233
0.455024921,0.07439073
0.466697008,0.056896767
0.431656239,0.374599744
0.444880399,0.358247437
0.451006667,0.367617036
0.456994133,0.375438533
0.46866622,0.357944571
0.445651381,0.258903669
0.45887554,0.242551361
0.465001809,0.251920961
0.470989274,0.259742458
0.482661362,0.242248495
0.445881052,0.000769226
0.471218946,0.001608015
0.446471253,0.184200812
0.459695413,0.167848505
0.465821681,0.177218105
0.471809147,0.185039602
0.483481234,0.167545639
0.447750244,0.112291005
0.460974404,0.095938697
0.467100672,0.105308297
0.473088138,0.113129794
0.484760225,0.095635831
0.448500347,0.334054364
0.461724507,0.317702057
0.467850776,0.327071657
0.473838241,0.334893153
0.485510328,0.317399191
0.452824067,0.041206272
0.466048226,0.024853965
0.472174495,0.034223564
0.47816196,0.042045061
0.489834047,0.024551099
0.472463333,0.387630822
0.478589602,0.397000422
0.496249155,0.387327956
0.466372365,0.221231315
0.479596524,0.204879008
0.485722793,0.214248608
0.491710258,0.222070104
0.503382346,0.204576142
0.466517375,0.294789132
0.479741535,0.278436824
0.485867803,0.287806424
0.491855269,0.295627921
0.503527356,0.278133958
0.468494926,0.147649519
0.481719085,0.131297211
0.487845354,0.140666811
0.493832819,0.148488308
0.505504907,0.130994345
0.472481048,0.080235878
0.485705207,0.06388357
0.491831476,0.07325317
0.497818941,0.081074667
0.509491028,0.063580704
0.474388772,0.365582503
0.487612932,0.349230195
0.493739201,0.358599795
0.499726666,0.366421292
0.511398753,0.348927329
0.485606298,0.014301323
0.510944191,0.015140113
0.487321867,0.256607784
0.500546027,0.240255477
0.506672295,0.249625077
0.512659761,0.257446574
0.524331848,0.239952611
0.488275448,0.185605316
0.501499608,0.169253009
0.507625876,0.178622609
0.513613341,0.186444105
0.525285429,0.168950143
0.490979445,0.327659979
0.504203604,0.311307672
0.510329873,0.320677271
0.516317338,0.328498768
0.527989426,0.311004806
0.492119588,0.111780313
0.505343747,0.095428005
0.511470016,0.104797605
0.517457481,0.112619102
0.529129569,0.095125139
0.493700254,0.051587954
0.506924413,0.035235647
0.513050682,0.044605247
0.519038147,0.052426744
0.530710234,0.034932781
0.515637581,0.37941742
0.521763849,0.38878702
0.539423402,0.379114554
0.50841801,0.289519005
0.52164217,0.273166698
0.527768438,0.282536298
0.533755904,0.290357794
0.545427991,0.272863832
0.509285745,0.221367251
0.522509905,0.205014944
0.528636173,0.214384544
0.534623639,0.22220604
0.546295726,0.204712078
0.509680067,0.151730994
0.522904227,0.135378687
0.529030495,0.144748287
0.53501796,0.152569783
0.546690048,0.135075821
0.51805999,0.358588777
0.531284149,0.34223647
0.537410418,0.351606069
0.543397883,0.359427566
0.555069971,0.341933604
0.522443515,0.075768515
0.535667675,0.059416208
0.541793943,0.068785808
0.547781409,0.076607304
0.559453496,0.059113342
0.526850675,0.030870098
0.552188568,0.031708887
0.530024976,0.115382336
0.543249136,0.099030029
0.549375405,0.108399629
0.55536287,0.116221126
0.567034957,0.098727163
0.531651048,0.252517515
0.544875208,0.236165208
0.551001476,0.245534808
0.556988942,0.253356305
0.568661029,0.235862342
0.531864286,0.190429572
0.545088445,0.174077265
0.551214714,0.183446865
0.557202179,0.191268361
0.568874267,0.173774399
0.533869188,0.321026053
0.547093347,0.304673745
0.553219616,0.314043345
0.559207081,0.321864842
0.570879168,0.304370879
0.559341034,0.37197784
0.583126856,0.371674974
0.54982002,0.155652922
0.563044179,0.139300615
0.569170448,0.148670214
0.575157913,0.156491711
0.586830001,0.138997749
0.550402608,0.283089713
0.563626768,0.266737406
0.569753037,0.276107006
0.575740502,0.283928503
0.587412589,0.26643454
0.557137357,0.224086772
0.570361517,0.207734464
0.576487786,0.217104064
0.582475251,0.224925561
0.594147338,0.207431598
0.561491217,0.349230007
0.574715377,0.3328777
0.580841645,0.3422473
0.586829111,0.350068796
0.598501198,0.332574834
0.562597936,0.047700326
0.58793583,0.048539115
0.562861983,0.084712241
0.576086143,0.068359933
0.582212412,0.077729533
0.588199877,0.08555103
0.599871964,0.068057067
0.567908639,0.122122521
0.581132799,0.105770213
0.587259067,0.115139813
0.593246533,0.12296131
0.60491862,0.105467347
0.575738565,0.186979433
0.588962724,0.170627125
0.595088993,0.179996725
0.601076458,0.187818222
0.612748546,0.170324259
0.576496794,0.308108736
0.589720953,0.291756429
0.595847222,0.301126029
0.601834687,0.308947526
0.613506775,0.291453563
0.580971493,0.258907304
0.594195652,0.242554997
0.600321921,0.251924597
0.606309386,0.259746094
0.617981473,0.242252131
0.601975439,0.36299083
0.62576126,0.362687964
0.59447039,0.150838203
0.60769455,0.134485895
0.613820818,0.143855495
0.619808284,0.151676992
0.631480371,0.134183029
0.599944605,0.218223038
0.613168765,0.201870731
0.619295033,0.211240331
0.625282499,0.219061827
0.636954586,0.201567865
0.601872958,0.069496485
0.627210851,0.070335274
0.602124145,0.337377514
0.615348305,0.321025207
0.621474574,0.330394806
0.627462039,0.338216303
0.639134126,0.320722341
0.603251678,0.108285284
0.616475837,0.091932976
0.622602106,0.101302576
0.628589571,0.109124073
0.640261659,0.09163011
0.610392615,0.290258648
0.623616775,0.273906341
0.629743043,0.283275941
0.635730509,0.291097438
0.647402596,0.273603475
0.619996767,0.179571275
0.633220926,0.163218967
0.639347195,0.172588567
0.64533466,0.180410064
0.657006748,0.162916101
0.622774358,0.248587014
0.635998518,0.232234706
0.642124786,0.241604306
0.648112252,0.249425803
0.659784339,0.23193184
0.642468884,0.35096908
0.666254705,0.350666214
0.633706895,0.137246741
0.646931054,0.120894434
0.653057323,0.130264034
0.659044788,0.138085531
0.670716876,0.120591568
0.638092585,0.321595477
0.651316745,0.30524317
0.657443014,0.31461277
0.663430479,0.322434266
0.675102566,0.304940304
0.640028296,0.095112906
0.665366189,0.095951696
0.643720334,0.208776717
0.656944493,0.192424409
0.663070762,0.201794009
0.669058227,0.209615506
0.680730314,0.192121543
0.65001663,0.277854021
0.663240789,0.261501714
0.669367058,0.270871314
0.675354523,0.27869281
0.68702661,0.261198848
0.661035413,0.16593135
0.674259573,0.149579043
0.680385841,0.158948643
0.686373307,0.16677014
0.698045394,0.149276177
0.665419498,0.240166369
0.678643658,0.223814061
0.684769927,0.233183661
0.690757392,0.241005158
0.702429479,0.223511195
0.666226326,0.351206654
0.679450485,0.334854346
0.67322143,0.122717448
0.698559323,0.123556237
0.675524842,0.3049742
0.688749002,0.288621893
0.69487527,0.297991492
0.700862736,0.305812989
0.712534823,0.288319027
0.684487216,0.19689379
0.697711376,0.180541483
0.703837644,0.189911083
0.70982511,0.197732579
0.721497197,0.180238617
0.695695617,0.270841039
0.708919777,0.254488731
0.715046045,0.263858331
0.721033511,0.271679828
0.732705598,0.254185865
0.699389697,0.329014419
0.712613856,0.312662112
0.701756966,0.153320143
0.703571337,0.231377785
0.716795497,0.215025477
0.722921765,0.224395077
0.72890923,0.232216574
0.740581318,0.214722611
0.724153991,0.187280615
0.737378151,0.170928308
0.724719507,0.300234055
0.737943666,0.283881747
0.737712554,0.224308514
0.750936714,0.207956206
0.738826264,0.263336687
0.752050423,0.246984379